sequence,dada2_tax,dada2_pid,S515_rps10,S518_rps10
GAAAATCTTTGTGTCGGTGGTTCAAATCCACCTCCAGACAAATTTTATTATTTAAAATATGTATCTATTAAGAATAACTTTTAAATCTTTTCAAAAAATAAATCAACTTAAATATAATTTATTAAAATTAAAAAAAATTAATAAATTTAAAAATATTAAAATAAAAGGAATCTTTCAAACAAAAAATAAGAATAAAGTTTTTACTTTATTAAGATCTCCACATGTAAATAAAAAATCACGTGAACATTTTATTTATAAATATTATAATCCTAAAATAGATATAAAATTTATAAATATTTTTCAATTATTAAATTTTTTAATTATAATTAAAAAAATATTATCGGAAAATTCATTAATAAATATTAAAATTTTAAAAAAAAATTAAAGTTATGCTTATAGCTTAATTGGAAAAGCGTTAGATTGCGGATCTATAAAATGAA,Eukaryota--100--Domain;Heterokontophyta--100--Kingdom;Stramenopiles--100--Phylum;Oomycetes--100--Class;Peronosporales--100--Order;Peronosporaceae--100--Family;Phytophthora--100--Genus;Phytophthora_bilorbang--100--Species,100,0,3234
GAAAATCTTTGTGTCGGTGGTTCAAGTCCGCCTCCAAACATCAAACAATATCTTATATAAAAAATTTATGTATATTTTACGAATAAGTTTTAAATCAATAGAAAAAATAAATAAATTAAAAATAAATATATTAAAAATAAAAAAAATATATAATTTTGAAAATTTTAAAATTAATGGAATTTTCAAAGTAAAAAATAAAAATAAAATTTTTACATTATTAAAATCACCACATGTTAATAAAAAATCACGTGAACATTTTATATATAAAAATTATATTCATAAAATTGATTTAAATTTTATGAATATTTTTCAGTTAATGAACTTTTTAATAGTTTTGAAAAAAATACTATCAAAAAATTTATTAATTAATGTTAAAATTATTAAAAACAATAAAAAAATATGCTTATAGCTTAATGGATAAAGCGTTAGATTGCGGATCTATAAAATGAA,Eukaryota--100--Domain;Heterokontophyta--100--Kingdom;Stramenopiles--100--Phylum;Oomycetes--100--Class;Pythiales--94--Order;Pythiaceae--94--Family;Pythium--94--Genus;Pythium_flevoense--44--Species,91.1111111111111,584,460
GAAAATCTTTGTGTCGGTGGTTCAAATCCACCTCCAGACAATTTCTATTATTTAAGATATGTATCTTTTAAGAATAACTTTTAAATCTTTTCAAAAAATAAATCAACTTAAACAAAATTTATTAAAATTAAAAAAAATTAATAAATTTAAAAATATTAAAATAAACGGAATCTTTCAAACAAAAAATAAAAATAAAATTTTTACTTTATTAAGATCTCCTCATGTAAATAAAAAATCACGTGAACATTTTATTTATAAAAATTATAATCCAAAAATTGATATAAAATTTTTAAATATTTTTCAATTATTAAATTTTTTAATTTTAATAAAAAAAATATTATCTGAAAATTCGTTAATGAAAATTAAAATTCTAAAAAAAAATTAAAGTTATGCTTATAGCTTAATTGGAGAAAGCGTTAGATTGCGGATCTATAAAATGAA,Eukaryota--100--Domain;Heterokontophyta--100--Kingdom;Stramenopiles--100--Phylum;Oomycetes--100--Class;Peronosporales--100--Order;Peronosporaceae--100--Family;Phytophthora--100--Genus;Phytophthora_gonapodyides--100--Species,100,919,12
GAAAATCTTTGTGTCGGTGGTTCAAATCCACCTCCAGACAATTTTTATAAAAATATTTATGTATATTTTAAGAATAACTTTTAAATCAATACAAAAAATAAATAAAATTAAACAAAAATTATTAAAATTAAAAAACAAAAATAAATTTAAAGATATTCAAATAAACGGAATATTTCAAACAAAAAATAAAAATAAAATTTTTACAGTATTAAAATCTCCACATGTAAATAAAAAATCACGTGAACAGTTTATATATAAAAATTATACACAAAAAATAGATATTAAATTTTTCAATATTTTTCAATTATTAAATTTTTTAATAATTATTAAAAAAGTTTTATCGGAAAATTTTATAATTAATACAAAAATCATAAAAAAACATAAAAAAATATGCTTATAGCTTAATGGATAAAGTATTAGATTGCGGATCTATAAAATGAA,Eukaryota--100--Domain;Heterokontophyta--100--Kingdom;Stramenopiles--100--Phylum;Oomycetes--100--Class;Pythiales--93--Order;Pythiaceae--93--Family;Pythium--42--Genus;Pythium_cucurbitacearum--21--Species,90.0452488687783,364,353
GAAAATCTTTGTGTCGGTGGTTCAAGTCCGCCTCCAAACATCAAATATTATCTTATATAAAAAATTTATGTATATTCTAAGAATAAGTTATAAATCAGTAGAAAAAATAAATCAATTAAAAAAAAATATATTAAAAATAAAAAAAATATATAATTTTGAAAATTTACAAATAAAAGGTGTTTTCAAAATTAAAAATAAAAATAAAATTTTTACATTACTAAAATCGCCTCACGTTAATAAAAAATCACGTGAACATTTTATATATAAAAATTATATTCATAAAATTGATTTAAATTTTACGAATATTTTTCAATTAATAAATTTTTTAATAATTTTTAAAAAAATATTATCTAAAAACATATTAATTAATGTTAAAATTATTAAAAACAATAAAAAAATATGCTTATAGCTTAATGGATAAAGCGTTAGATTGCGGATCTATAAAATGAA,Eukaryota--100--Domain;Heterokontophyta--100--Kingdom;Stramenopiles--100--Phylum;Oomycetes--100--Class;Pythiales--92--Order;Pythiaceae--92--Family;Pythium--91--Genus;Pythium_flevoense--34--Species,90.4444444444444,172,524
GAAAATCTTTGTGTCGGTGGTTCAAATCCACCTCTAGACAATTTTTATTATTTAAATATGTATCTTTTAAGAATAACTTTTAAATCTTTTCAAAAAATAAATCAACTTAAACAAAATTTATTAAAAATAAAAAAAATTAATAAATTTAAAAATATTAAAATAAATGGAATTTTTCAAACAAAAAATAAAAATAAAATTTTTACTTTATTAAGATCGCCTCATGTAAATAAAAAATCACGTGAACATTTTATTTATAAAAATTATACCCCTAAAATTGATATAAAATTTACAAATATTTTTCAATTATTAAATTTTTTAATTATAATTAAAAAAACATTAGTAGAAAATTCATTAATAAATATTAAAATTTTAAAAAAAAATTAAAGTTATGCTTATAGCTTAATTGGATAAAGCGTTAGATTGCGGATCTATAAAATGAA,Eukaryota--100--Domain;Heterokontophyta--100--Kingdom;Stramenopiles--100--Phylum;Oomycetes--100--Class;Peronosporales--100--Order;Peronosporaceae--100--Family;Phytophthora--100--Genus;Phytophthora_lacustris--100--Species,100,341,248
GAAAATCTTTGTGTCGGTGGTTCAAGTCCACCTCCAGACATCTTTATTAAAATCGTATTTATGTATATTTTAAGAATAACTTTTAAGTCAATACAAAAAATTAATAAATTAAAACAAAATTTATTAAAATTAAAAAACAAAAATAAATTTAAACATATTCAAATAAAAGGAATATTTAAAACAAAAAACAAAAATAAAATTTTTACATTATTAAGATCACCACATGTAAATAAAAAATCTCGTGAACATTTTTTATATAAAAATTATACACAAAAAATAGATATTAAATTTTTTAATATGTTTCAATTATTAAATTTTTTAATAATTATTAAAAAAGTTTTATCAGAAAATACTATAATTAATATTAAAATTATAAAAAATATTAAAAAAAATATGCTTATAGCTTAATGGATAAAGCGTTAGATTGCGGATCTATAAAATGAA,Eukaryota--100--Domain;Heterokontophyta--100--Kingdom;Stramenopiles--100--Phylum;Oomycetes--100--Class;Pythiales--100--Order;Pythiaceae--100--Family;Halophytophthora--100--Genus;Halophytophthora_polymorphica--69--Species,97.5225225225225,0,503
GAAAATCTTTGTGTCGGTGGTTCAAATCCACCTCCAGACAATTTTTATTATTTAAAATATGTATCTTTTAAGAATAACTTTTAAATCTTTTCAAAAAATAAATCAACTTAAACAAAATTTATTAAAATTAAAAAAAATTAATAAATTTAAAAATATTAAAATAAATGGAATCTTTCAAACAAAAAATAAAAATAAAATTTTTACTTTATTAAGATCTCCCCATGTAAATAAGAAATCACGTGAACATTTTATTTATAAAAAATATAATCCCAAAATTGATATAAAATTTACAAATATTTTTCAATTATTAAATTTTTTAATTATAATTAAAAAAACATTATCAGAAAATTCATTAATGAATATTAAAATTCTAAAAAAAAATTAAAGTTATGCTTATAGCTTAATTGGAAAAAGCGTTAGATTGCGGATCTATAAAATGAA,Eukaryota--100--Domain;Heterokontophyta--100--Kingdom;Stramenopiles--100--Phylum;Oomycetes--100--Class;Peronosporales--100--Order;Peronosporaceae--100--Family;Phytophthora--100--Genus;Phytophthora_chlamydospora--95--Species,100,378,0
GAAAATCTTTGTGTCGGTGGTTCAAATCCACCTCCAGACAATTTTTATAAAAATATTTATGTATATTTTAAGAATAACTTTTAAATCAATACAAAAAATAAATAAAATTAAACAAAAATTATTAAAATTAAAAAACAAAAATAAATTTAAAAATATTCAAATAAATGGAATATTTCAAACAAAAAATAAAAATAAAATTTTTACAGTATTAAAATCTCCACACGTAAATAAAAAATCACGAGAACAATTTATATATAAAAATTATACACAAAAAATAGATATTAAATTTTTTAATATTTTTCAATTATTAAATTTTTTAATAATTATTAAAAAAGTTTTATCTGAAAATTTTATAATTAATACAAAAATTATAAAAAATACTAAAAAAATATGCTTATAGCTTAATGGATAAAGTATTAGATTGCGGATCTATAAAATGAA,Eukaryota--100--Domain;Heterokontophyta--100--Kingdom;Stramenopiles--100--Phylum;Oomycetes--100--Class;Pythiales--93--Order;Pythiaceae--93--Family;Halophytophthora--65--Genus;Halophytophthora_batemanensis--41--Species,92.8089887640449,365,0
GAAAATCTTTGTGTCGGTGGTTCAAATCCACCTCCAGACAAAATTTTTTATAAAAAATATATATGTTTATTCTAAGAATAACTTTTAAATCAATTAAAAAAATTAATAATATTAAAAAAAAATTGTTAAAATTAAAAAATAAAAATAATTTTAAAAATATCCATATAAATGGGATATTTAAAATAAAAAATAATAATAAAATTTTTACATTATTAAAATCACCTCACGTAAATAAAAAATCTCGTGAACATTTTATATATAAAAATTATACACAAAAAATAGATATAAATTTTAAAAATATTTTTCAATTATTAAATTTTTTAATAATTGTTAAAAAAACTTTAAATGAAAATTATATAATTAAAATAAAAATTATAAAAAATAAAAATAAAATGCTTATAGCTTAATGGATAAAGCGTTAGATTGCGGATCTATAAAATGAA,Eukaryota--100--Domain;Heterokontophyta--100--Kingdom;Stramenopiles--100--Phylum;Oomycetes--100--Class;Pythiales--100--Order;Pythiaceae--100--Family;Phytopythium--99--Genus;Phytopythium_montanum--90--Species,97.9683972911964,262,0
GAAAATCTTTGTGTCGGTGGTTCGAGTCCGCCTCTAGACAAAAAATTTATTTCATGTAAAACATGTATACTTTAAAATTAACAACTCAATCATTACAAAAACAAAATAATTTCAACAAAAAATATTTATTAAGAATTAAACATTTTTTAAAAAATAAAAATATTTTAAATAAGCGGTAATATTCAAAAAAAAATAAAAAATAAAAAATATACAGTATTAAAATCACCTCATGTAAATAAAAAATCAAGAGAACATTTTAATTTTCATACATATAAGCAAACTTTTTATATTTTAGATAAAAATCTAAATAATTTAATTAATTTTTTAATTATTTTTAAAAAAATTATACCTAAAAATTTATTATTAGATATTCAAATTATTAAAAATTAAAAAATGCTTATAGCTTAACTTGGATAAAGCCGTAGATTGCGGATCTATTAGATGAA,Eukaryota--100--Domain;Heterokontophyta--100--Kingdom;Stramenopiles--100--Phylum;Oomycetes--100--Class;Saprolegniales--92--Order;Saprolegniaceae--83--Family;Achlya--67--Genus;Achlya_hypogyna--67--Species,83.3333333333333,202,0
GAAAATCTTTGTGTCGGTGGTTCGAATCCACCTCCAGACAATTTTTATAAAAATATTTATGTATATTTTAAGAATAACTTTTAAATCGATACAAAAATTAAATAAAATTAAACAAAAATTATTAAAATTAAAAAACAAAAATAAATTTAAAAATATTCAAATAAACGGAATATTTCAAACAAAAAATAAAAATAAAATTTTTACAGTATTAAAATCTCCACATGTAAATAAAAAATCACGTGAACAATTTATATACAAAAATTATACACAAAAAATAGATATCAAATTTTTCAATATTTTTCAATTATTAAATTTTTTAATAATTATTAAAAAAATTTTATCTGAAAATTTTATAATTAATACAAAAATAATAAAAAATAATAAAAAAATATGCTTATAGCTTAATGGATAAAGTATTAGATTGCGGATCTATAAAATGAA,Eukaryota--100--Domain;Heterokontophyta--100--Kingdom;Stramenopiles--100--Phylum;Oomycetes--100--Class;Pythiales--77--Order;Pythiaceae--77--Family;Halophytophthora--32--Genus;Halophytophthora_kandeliae--24--Species,88.7417218543046,191,0
GAAAATCTTTGAGTCGGTGGTTCAAATCCACCTCTAAATATTTATATGTTTAAATATAAAATACAAATAACTTTTGAAACAATAAATTCAAATAAAAATTTAAATAAAAATTTAAAAATATTAAAAAAAATTGGAAAATTAAAAAAACAACAAATTAGTGGTTTTTTTGTAAGTAAAAATAGAAATAAAATTTTTACATTAATAAGATCACCACATGTATATATAAAATCACGTGAACATTTTATTTTTAAAAAAAATATATTAAAAATTCATATAAATTTTTTTAAATTTATAGAATTATTAAATTTTATATTAATCTTAAAAAAAATTTTAATTAAAAATTATAATATAAAAATAAAAATTATTAAAAATGCTTATAACTTAAATGGATAAAGTCTTAGATTGCGAATCTAATAAATGAA,Eukaryota--100--Domain;Heterokontophyta--100--Kingdom;Stramenopiles--100--Phylum;Oomycetes--100--Class;Peronosporales--77--Order;Peronosporaceae--77--Family;Peronospora--74--Genus;Peronospora_tabacina--44--Species,69.7183098591549,171,0
GAAAATCTTTGTGTCGGTGGTTCAAGTCCACCTCCAGACATTTTTATTATTAAAAATAAAAATATGTATCTTTTAAGAATAACTTTTAAATCTTTTCAAAAAATAAATCAACTTAAACAAAATTTATTAAAAATAAAAAAATTTAATAAATTTAAAAATATCCAAATAAATGGAATTTTTCAAACAAAAAATAAAAATAAAATTTTTACTTTATTAAAATCTCCTCATGTGAATAAAAAATCACGTGAACATTTTATTTATAAAAATTATACACCTAAAGTAGATATAAAATTTAATAATATTCATCAATTATTAAATTTTTTAATCTTAATTAAAAAAATATTATCTGAAAATTCTTTTATGAATGTTAAAATTATTAAAAAAAATTAACGTTATGCTTATAGCTTAATTGGATAAAGCGTTAGATTGCGGATCTATAAAATGAA,Eukaryota--100--Domain;Heterokontophyta--100--Kingdom;Stramenopiles--100--Phylum;Oomycetes--100--Class;Peronosporales--100--Order;Peronosporaceae--100--Family;Phytophthora--100--Genus;Phytophthora_austrocedri--79--Species,95.067264573991,137,0
GAAAATCTTTGTGTCGGTGGTTCAAATCCACCTCTAAATATAAAAAATTATGTATAAATTAAAAATAACATTTAAAACAATAAATATAGAAACTACTTTACATAAAAATTTAAAATTTTTAAAAAAAATAGGAAAATTTAATCAAATTGAAATTAATGGTTTTTATAAAAATAAAAATAAAAATAAAATATTTACCTTATTAAGATCTCCGCATATATATAAGAAAACACGTGAACATTTTATTTATAAAAAAATTATAAATAAAATTAATATCAATTTTAATACTATTATAGAATTATTAAATTTTATAATTATATTAAAAAAAACATTAAATAAAAATAAAATAATAAATATAAAAATTAATAAATATTAATTTACAAGGTTGTTTATTTATTATTTATGATAATAATTTTAAAAATTCTAAATTTTTAATATATAAATATAAAAAACAACTTATTCAAATTTAAAATTATAAAAATGCTTATAACTTAATAGGATAAAGTATTAGACTACGAATCTAATAAATGAA,Eukaryota--100--Domain;Heterokontophyta--100--Kingdom;Stramenopiles--100--Phylum;Oomycetes--100--Class;Peronosporales--81--Order;Peronosporaceae--81--Family;Peronospora--80--Genus;Peronospora_tabacina--77--Species,61.5819209039548,121,0
GAAAATCTTTGTGTCGGTGGTTCGAATCCACCTCCAGACAATTTTTATTAAAGACATATTTATGTATATTTTAAGAGTAACTTTTAAATCTGTAAAAAAAATAAATAATATAAAAAAAAAATTATTAAAACTAAAAAATCGAAATAAATTTAAAAATATTCAAATAAAAGGAATATTTAAAATAAAAAATAAAAATAAAATTTTTACTGTATTAAAATCACCACATGTAAATAAAAAAGCACGTGAACATTTTATTTATAAAAATCATATTCAAAAGATAGATATTAAATTTTTTAATATATTTAAATTATTAAATTTTTTAATAATTATAAAAAAAATTTTATCTGAAAATTTTATAATTAATATTAAAATAATTAAAAATAATAAATTAATCATAAAAAATAATAAAAAAAATATGCTTATAGCTTAATGGATAAAGCGTTAGATTGCGGATCTATAAAATGAA,Eukaryota--100--Domain;Heterokontophyta--100--Kingdom;Stramenopiles--100--Phylum;Oomycetes--100--Class;Pythiales--81--Order;Pythiaceae--81--Family;Phytopythium--13--Genus;Phytopythium_helicoides--12--Species,85.4430379746835,6,106
GAAAATCTTTGTGTCGGTGGTTCAAGTCCGCCTCTAAACATTTTATTATTTTATGTACATTTTACGAATCAATTTAAAATCAATAAAAAAAATAAATCAACTAACAATAAATAATATATTAAAATTAGAAAAAGATCAATTTGAGAATATTAAAACAAAAGGATTTTTTAATGTAAAAAATAAAAAAAAAATATTTACAGTATTAAAATCTCCACATGTTAATAAAAAATCACGTGAACAATTTATATATAAAAATTATACACGAAAAATTGATTTAAAATTTTTAAATATATATCAATTAATAAATTTTTTAATTATATTCAAAAAAAAATTAATTAATAAATTTTTAATTAAAACAAAAATTATTAAAAAAAATATATGCTTATAGCTTAATGGATAAAGTATTAGATTGCGGATCTATAAAATGAA,Eukaryota--100--Domain;Heterokontophyta--100--Kingdom;Stramenopiles--100--Phylum;Oomycetes--100--Class;Pythiales--71--Order;Pythiaceae--71--Family;Pythium--71--Genus;Pythium_pachycaule--19--Species,82.5396825396825,109,0
GAAAATCTTTGTGTCGGTGGTTCAAGTCCACCTCCAGACAATTTTTATTATTAAAAATATGTATCTTTTAAGAATAACTTTTAAATCATTTCAAAAAATAAATCAACTTAAACAAAATTTATTAAAATTAAAAAAAAGTAATAAATTAAAAAATATTCAAATACATGGAATATTTCAAACAAAAAATAAAAAAAAAATTTTTACTTTATTAAGATCACCTCATGTAAATAAAAAATCACGTGAACATTTTATTTATAAAAATTATACACCAAAAATTGATATAAAATTTAAAAGTATTTTTCAATTATTAAATTTTATAATTTTAATTAAAAAAATTTTATCTGAAAATTTATTAATAAATATTAAAATTATAAAAAAAAATTAAAGTTATGCTTATAGCTTAATTGGATAAAGCGTTAGATTGCGGATCTATAAAATGAA,Eukaryota--100--Domain;Heterokontophyta--100--Kingdom;Stramenopiles--100--Phylum;Oomycetes--100--Class;Peronosporales--100--Order;Peronosporaceae--100--Family;Phytophthora--100--Genus;Phytophthora_nemorosa--100--Species,100,99,0
GAAAATCTTTGTGTCGGTGGTTCAAGTCCGCCTCCAAACACTTTTTATTTATAAATTTTATGTATATTTTAAGAATAAATTTTAAATCAGTAACAAAAATAAATAAATTAAAACAAAATATAAAAAAATTAAAAAAAATATATAATTTTAAAAATATTAAAATAAATGGTGTTTTTAAAAATAAAAATAAAAATAAAATTTTTACATTATTAAAATCACCACATGTTAATAAAAAATCACGTGAACATTTTATTTATAAAAATTATATTCAAAAAATGGATATAAAATTTAATAATATTTTTCAATTATTAAATTTTTTAATAGTTATAAAAAAAAATATTACTAAAGATATTTTAATTAATGTAAAAATTATAAAAAAAGATAACAAAATATGCTTATAGCTTAATGGATAAAGCGTTAGATTGCGGATCTATAAAATGAA,Eukaryota--100--Domain;Heterokontophyta--100--Kingdom;Stramenopiles--100--Phylum;Oomycetes--100--Class;Pythiales--100--Order;Pythiaceae--100--Family;Pythium--100--Genus;Pythium_grandisporangium--100--Species,98.1900452488688,0,84
GAAAATCTTTGTGTCGATGGTTCGAATCCGTCTCTAGATATTTACAACATATTATTATATGAATATAATATTAAAATTAAAGTTTTTAACACATTCAAAAAAATTTGATAATAAATTATTAAATAAGTGTATAAATTTATTAAAAAAACAAAAAGAATTAAAAATAATTGGACCTTTTTATAAAAAAGATAAAAGGAAAATATATACATTATTAAAGTCACCGCATGTACATAAAAAATCAAGAGAACATTTTATTTATAAAAAATATCAATACAATTTTTATATTTATGCAAAAAACATAAAATTGATTTTATTTATATTAACTTTTATTAAAAAAATCAATTCAAGTAATTTAATATTAAAAAGTAAAATAAAAACATGCTTATAACTTAAATGGATAAAGTCTTAGATTGCGGTTCTACGAGATGAA,Eukaryota--100--Domain;Heterokontophyta--100--Kingdom;Stramenopiles--100--Phylum;Oomycetes--100--Class;Peronosporales--72--Order;Peronosporaceae--70--Family;Peronospora--65--Genus;Peronospora_tabacina--58--Species,67.1264367816092,78,0
GAAAATCTTTGTGTCGGTGGTTCAAGTCCGCCTCCAAACATTTTATAAAAAATTTATGTATATCTTAAGAATTAGTTTTAAATCAGTAGAAAAAATAAATGAATTAAAAGAAAATATATCAAAAATAAAAAAAATATATAATTTTAAAAATCTAAAAATAAAAGGCATTTTCAAAGTAAAAAATAGAAATAAAATTTTTACATTATTAAAATCACCACATGTTAATAAAAAATCACGTGAACATTTTATATATAAAAATTATATTCAAAAAATTGATTTAAATTTTTTAAATATTTTTCAATTACTTAATTTTTTAATAATTTTAAAAAAAACATTATCTAAAGATCTTTTGATTAATGTTAAAATTATTAAAAATAATAAAAAAATATGCTTATAGCTTAATGGATAAAGCGTTAGATTGCGGATCTATAAAATGAA,Eukaryota--100--Domain;Heterokontophyta--100--Kingdom;Stramenopiles--100--Phylum;Oomycetes--100--Class;Pythiales--100--Order;Pythiaceae--100--Family;Pythium--100--Genus;Pythium_flevoense--34--Species,94.9771689497717,0,76
GAAAATCTTTGTGTCGGTGGTTCAAGTCCGCCTCCAAACATCTTAATCTTATAAAATTATGTATATTTTACGAATCAGTTTTAGATCGATAGAAAAAATAAATGAATTAAAAAAAAATATTTTAAAAATAAAAAAAATATATAATTTTAAAAATTTAAAAATAAAAGGAATTTTTAAAATAAAAAATAAAAATAAAATTTTTACATTATTAAAATCACCACATGTTAATAAAAAATCACGTGAACATTTTATATATAAAAATTATATTCAAAAAATTGATTTAAATTTTATGAATATTTTTCAATTAATAAATTTTTTAATAATTTTAAAAAAAATATTATCTAAAAATTTATTAATTAATGTTAAAATTATTAAAAATAATAAAAAAATATGCTTATAGCTTAATGGATAAAGCGTTAGATTGCGGATCTATAAAATGAA,Eukaryota--100--Domain;Heterokontophyta--100--Kingdom;Stramenopiles--100--Phylum;Oomycetes--100--Class;Pythiales--100--Order;Pythiaceae--100--Family;Pythium--100--Genus;Pythium_flevoense--58--Species,94.5578231292517,70,0
GAAAATCTTTGTGTCGGTGGTTCAAATCCACCTCCAGACAAAACTTTTTATAAAATACATTTATGTATATTCTAAGAATAACTTTTAAATCAATTAAAAAAATTAATAATATTAAAAAAAATTTATTAAAATTAAAAAAAAAAATAATTTTAAAAATATCCAAATAAATGGAATATTTAAAATAAAAAATAAAAATAAAATTTTTACATTATTAAAATCACCTCATGTAAATAAAAAATCTCGTGAACATTTTATATATAAAAATTATATACAAAAAATAGATATAAATTTTAAAGATATTTTTCAATTATTAAATTTTTTAATAACTGTAAAAAAAACTTTAAGTGAAAATTATATAATTAAAATAAAAATTATTAAAAATAAAAATAAAATGCTTATAGCTTAATGGATAAAGCGTTAGATTGCGGATCTATAAAATGAA,Eukaryota--100--Domain;Heterokontophyta--100--Kingdom;Stramenopiles--100--Phylum;Oomycetes--100--Class;Pythiales--100--Order;Pythiaceae--100--Family;Phytopythium--96--Genus;Phytopythium_aichiense--86--Species,98.6455981941309,0,70
GAAAATCTTTATGTCGGTGGTTCAAGTCCGCCTCCAAACATTTTATAATTTTATGTATATTTTACGAATAAGTTTTCAATCAATACAAAGAATAGATAAATTAAAAATAAATCAATTTAAAAATATTAAAATAAATAATTTTTTTAATATAAAAAAAAAGAAAAAAATATTTACATTACTAAAATCACCCCATGTTAATAAAAAATCACGTGAACATTTTATTTATAAGAATTATACAGAAAAAGTAGATTTAGATTTTAATAATATTTTTCAATTAATTAATTTTTTAATATTGTTAAAAAAAAAATTAAGTAATAATCTTTTAATAAAAACAAAAATTATTAAAAAAAAGATATGCTTATAGCTTAATGGATAAAGTATTAGATTGCGGATCTATAAAATGAA,Eukaryota--100--Domain;Heterokontophyta--100--Kingdom;Stramenopiles--100--Phylum;Oomycetes--100--Class;Peronosporales--30--Order;Peronosporaceae--30--Family;Peronospora--27--Genus;Peronospora_tabacina--25--Species,72.3300970873786,68,0
GAAAATCTTTGTGTCGGTGGTTCGAGTCCGCCTCTAGACAAAAAATTTATTTTATGTAAAACATGTATACTTTAAAATTAACAACTCAATCATTACAAAAACAAAATAATTTCAACAAAAAATATTTATTAAGAATTAAACATTTTTTAAAAAATAAAAATATTTTAAATAAGCGGTAATATTCAAAAAAAAATAAAAAATAAAAAATATACAGTATTAAAATCACCTCATGTAAATAAAAAATCAAGAGAACATTTTAATTTTCATACATATAAGCAAACTTTTTATATTTTAGATAAAAATCTAAATAATTTAATTAATTTTTTAATTATTTTTAAAAAAATTATACCTAAAAATTTATTATTAGATATTCAAATTATTAAAAATTAAAAAATGCTTATAGCTTAACTTGGATAAAGCCGTAGATTGCGGATCTATTAGATGAA,Eukaryota--100--Domain;Heterokontophyta--100--Kingdom;Stramenopiles--100--Phylum;Oomycetes--100--Class;Saprolegniales--94--Order;Saprolegniaceae--84--Family;Achlya--63--Genus;Achlya_hypogyna--63--Species,83.1111111111111,68,0
GAAAATCTTTGTGTCGGTGGTTCAAATCCACCTCCAGACAATTTTTATTATTTAAAATATGTATCTTTTAAGAATAACTTTTAAATCTTTTCAAAAAATAAATCAACTTAAACAAAATTTATTAAAATTAAAAAAAATTAATAAATTTAAAAATATTAAAATAAATGGAATCTTTCAAACAAAAAATAAAAATAAAATTTTTACTTTATTAAGATCTCCCCATGTAAATAAAAAATCACGTGAACATTTTATTTATAAAAAATATAATCCTAAAATTGATATAAAATTTACAAATATTTTTCAATTATTAAATTTTTTAATTTTAATTAAAAAAACATTATCAGAAAATTCATTAATGAATATTAAAATTCTAAAAAAAAATTAAAGTTATGCTTATAGCTTAATTGGAAAAAGCGTTAGATTGCGGATCTATAAAATGAA,Eukaryota--100--Domain;Heterokontophyta--100--Kingdom;Stramenopiles--100--Phylum;Oomycetes--100--Class;Peronosporales--100--Order;Peronosporaceae--100--Family;Phytophthora--100--Genus;Phytophthora_chlamydospora--100--Species,100,66,0
GAAAATCTTTGTGTCGGTGGTTCAAGTCCGCCTCCAAACAAAACACTTCATAAAAATTTATGTATATTTTACGTATTAATTTTAAATCTGTACAAAAAATAAATGGATTAAAAAAAAATTTATTAAAAATAAAAGAATTATATAATTTCAAAAATTTAAAAATAAAAGGATTTTTTAAAGTAAAAAATAAAAATAAAATTTTTACATTATTAAAATCACCACATGTAAATAAAAAATCACGTGAACATTTTATATATAAAAATTATGTTCAAAAAATTGATTTAAATTTTATAAATATTTTCCAATTATTAAATTTTTTAATAATTTTAAAAAAAATATTATCTAAGGATTTTTTAATTGATATAAAAATTATTAAAAATAATAAAAAAATATGCTTATAGCTTAATGGATAAAGCGTTAGATTGCGGATCTATAAAATGAA,Eukaryota--100--Domain;Heterokontophyta--100--Kingdom;Stramenopiles--100--Phylum;Oomycetes--100--Class;Pythiales--99--Order;Pythiaceae--99--Family;Pythium--99--Genus;Pythium_pyrilobum--71--Species,94.3438914027149,65,0
GAAAATCTTTGTGTCGGTGGTTCAAATCCACCTCTAAACAAAAAACCTTTTATTTTATAAAAATGTATATTTTAAGAATTAATTTTAAATCAATCAAAAATATAAATAATTTAAAAAAAGATATATTAAATATTAAAAAATTAAATAAAATTAGAAATATAAAAATTCAAGGATTTTATAATGTAAAAAATAAAAATAAAATTTTTACAGTATTAAAATCTCCTCATGTTAATAAAAAATCACGTGAACATTTTATTTTTCAAAATTTAAATAAAAAAATAGAAATAAAATTTTTAAATATTAATCAATTATTAAATTTATTAATTATTATTAATAAAAATTTAACAAAAAATTTTATATTAAATAATAAAATAATAAAAATTTAATAAATGCTTATAGCTTAATTTGGATAAAGCGTTAGATTGCGGATCTATAAAATGAA,Eukaryota--100--Domain;Heterokontophyta--100--Kingdom;Stramenopiles--100--Phylum;Oomycetes--100--Class;Peronosporales--48--Order;Peronosporaceae--48--Family;Peronospora--47--Genus;Peronospora_tabacina--37--Species,71.516393442623,62,0
GAAAATCTTTGTGTCGGTGGTTCAAGTCCGCCTCCAAACATTCTTAAAACAAATTTATGTATATTTTACGTATCAATTTAAAATCAGTTAAAAAAATTAATGAATTAAAAAAAAATTTAATAAAAATAAAAGAATTATACAATTTTAAAAATTTAAAAATAAAAGGTATTTTCAAAGTAAAAAATAAAAATAAAATTTTTACATTATTAAAATCACCTCATGTAAATAAAAAATCACGTGAACATTTTATATATAAAAATTATGTTCAAAAAATTGATTTAAAATTTATTAATATTTTTCAATTATTAAATTTTTTAATAATTTTTAAAAAAACATTATCAAAAAATTTTTTAATTAATATAAAAATTATTAAAAACAATAAAAAAATATGCTTATAGCTTAATGGATAAAGCGTTAGATTGCGGATCTATAAAATGAA,Eukaryota--100--Domain;Heterokontophyta--100--Kingdom;Stramenopiles--100--Phylum;Oomycetes--100--Class;Pythiales--100--Order;Pythiaceae--100--Family;Pythium--99--Genus;Pythium_biforme--29--Species,91.8367346938775,0,60
GAAAATCTTTGTGTCGGTGGTTCAAGTCCGCCTCTAAACAAAATTAAATTTTAAATTAAATGTATATTTTAAGAATAACTTTTAAATCAATAACAAAAATAAATAAACTTAAAAAAAATTTATTAAATTTAAAAATAAATAATAAATTTAAAAATATCCGTCTTGGTGGAATATTTAAAAATAAAAATAAAAATAAGATTTTTACATTATTAAAATCACCACATGTTAATAAAAAATCAAGAGAACATTTTATATATAAAAATTATATACAAAAAATTGATATAAATTTTTTTAATTTTTTTAATTTATTAAATTTCTTAATTTTAATTAAAAAATTTATAGCAATAAATTATATTTTAAATATTAAAATTATTAAATTAAAAAAATAAAATTAACAATTTATGCTTATAACTTAATGGATAGAGTATTAGATTGCGGATCTATAAAATGAA,Eukaryota--100--Domain;Heterokontophyta--100--Kingdom;Stramenopiles--100--Phylum;Oomycetes--100--Class;Pythiales--67--Order;Pythiaceae--67--Family;Phytopythium--9--Genus;Phytopythium_mirpurense--3--Species,81.9565217391304,0,51
GAAAATCTTTGTGTCGGTGGTTCAAGTCCGCCTCCAAACATCAAACAAAACATTTCATAAAAGTTTATGTATATTTTACGTATTAATTTTAAATCTGTACAAAAAATAAATGGATTAAAAAAAAATTTATTAAAAATAAAAGAATTATATAATTTCAAAAATTTAAAAATAAAAGGATTTTTTAAAGTAAAAAATAAAAATAAAATTTTTACATTATTGAAATCTCCACATGTAAATAAAAAATCACGTGAACATTTTATATATAAAAATTATGTTCAAAAAATTGATTTAAATTTTATAAATATTTTCCAATTATTAAATTTTTTAATAATTTTAAAAAAAATATTATCTAAAGATTTTTTAATTGATATAAAAATTATTAAAAATAATAAAAAAATATGCTTATAGCTTAATGGATAAAGCGTTAGATTGCGGATCTATAAAATGAA,Eukaryota--100--Domain;Heterokontophyta--100--Kingdom;Stramenopiles--100--Phylum;Oomycetes--100--Class;Pythiales--100--Order;Pythiaceae--100--Family;Pythium--100--Genus;Pythium_pyrilobum--82--Species,92.4276169265033,49,0
GAAAATCTTTGTGTCGGTGGTTCAAATCCACCTCCAGACAAAATTTTTTATAAAATATATTTATGTATATTCTAAGAATAACTTTTAAATCAATTAAAAAAATTAATAATATTAAAAAAAAATTATTAAAAATAAAAAATAAAAATAATTTTAAAAATACTCAAATAAACGGGATATTTAAAATAAAAAATAAAAATAAAATTTTTACGCTATTAAAATCACCTCATGTGAATAAAAAATCTCGTGAACATTTTATTTATAAAAATTATATACAAAAAATTGATATGAATTTTAAAGATATTTCACAATTATTAAGTTTTTTAATAATTGTAAAAAAAACTTTAAGTGAAAATTATATAATTAAAATAAAAATTATTAAAAATAAAAATAAAATGCTTATAGCTTAATGGATAAAGCGTTAGATTGCGGATCTATAAAATGAA,Eukaryota--100--Domain;Heterokontophyta--100--Kingdom;Stramenopiles--100--Phylum;Oomycetes--100--Class;Pythiales--100--Order;Pythiaceae--100--Family;Phytopythium--100--Genus;Phytopythium_litorale--100--Species,99.7742663656885,35,0
GAAAATCTTTGTGTCGGTGGTTCAAGTCCGCCTCCAAACATCTAATAAAAATTTATGTATATTTTACGAATTAGTTTTAAATCAGTAGAAAAAATAAATGAATTAAAAAAAAGTATATCAAAAATAAAAAAAATATATAATTTTAAAAATTTAAAAATAAATGGTATTTTTAAAACAAAAAATAAAAATAAAATTTTTACATTATTAAAATCTCCACATGTTAATAAAAAATCACGTGAACATTTTATATATAAAAATTATATTCAAAAAATTGATTTAAATTTTTCAAATTTTTTACAATTATTAAATTTTTTAATAATTTTAAAAAAAACATTATCTAAAAATTTTTTAATCAATATAAAAATTATTAAAAAAAATAAAAATAATATGCTTATAGCTTAATGGATAAAGCATTAGATTGCGGATCTATAAAATGAA,Eukaryota--100--Domain;Heterokontophyta--100--Kingdom;Stramenopiles--100--Phylum;Oomycetes--100--Class;Pythiales--100--Order;Pythiaceae--100--Family;Pythium--100--Genus;Pythium_apleroticum--29--Species,97.2602739726027,0,34
GAAAATCTTTGTGTCGGTGGTTCAAATCCACCTCCAGACAATTTTTTGTTTTATTAAACAATATTTTATGTATCTTCTAAGAGTAACTTTCAAATCATTTAAAATAATAAATCAACTTAAACAAAATTTATTAAAATTAAAACGCATTAATAAATTTCAAAATATCGAAATACGGGAGATTATTTCAAGTAAAGAAAAAAAAATAAAATTTTTACTTTATTAAAATCACCACATGTTAATAAAAAATCACGTGAACATTTTATTAATAAAAGTTTTAAACCAAAAATTGATATAAAATTTAAAAATATTTTTCAATTATTAAATTTTATAATTTTAATAAAAAAAAATTTATCTGAAAATTTATTAATGAATATTAAAATTATAAAAAAACAAAAATAAAATTATGCTTATAGCTTAATTGGATAAAGCGTTAGATTGCGGATCTATAAAATGAA,Eukaryota--100--Domain;Heterokontophyta--100--Kingdom;Stramenopiles--100--Phylum;Oomycetes--100--Class;Peronosporales--57--Order;Peronosporaceae--57--Family;Plasmopara--54--Genus;Plasmopara_obducens--54--Species,93.1868131868132,31,0
GAAAATCTTTGTGTCGGTGGTTCAAGTCCGCCTCCAAACATCTAATAAAAATTTATGTATATTTTACGAATTAGTTTTAAATCAGTAGAAAAAATAAATGAATTAAAAAAAAGTATATCAAAAATAAAAAAAATATATAATTTTAAAAATTTAAAAATAAATGGTATTTTTAAAACAAAAAATAAAAATAAAATTTTTACATTATTAAAATCTCCACATGTTAATAAAAAATCACGTGAACATTTTATATATAAAAATTATATTCAAAAAATTGATTTAAATTTTTCAAATTTTTTACAATTATTAAATTTTTTAATAATTTTAAAAAAAACATTATCTAAAAATTTTTTAATCAATATAAAAATTATTAAAAAAAATAAAAATAATATGCTTATAGCTTAATGGATAAAGCGTTAGATTGCGGATCTATAAAATGAA,Eukaryota--100--Domain;Heterokontophyta--100--Kingdom;Stramenopiles--100--Phylum;Oomycetes--100--Class;Pythiales--100--Order;Pythiaceae--100--Family;Pythium--100--Genus;Pythium_apleroticum--28--Species,97.4885844748858,31,0
GAAAATCTTTGTGTCGGTGGTTCAAGTCCGCCTCTAAACATTTTATTAAAATTTATGTATACTTTACGAATAACTTTTAGATCAATCAAAAAAATAAATGAATTAAAAAAAAATATATTAAAATTACAAGAATTTTATAATTTTAAAAATATTAAAATTAAAGGTATTTTTAAAATAAAAAATAAAAATAAAATTTTTACAGTATTAAAATCACCACATGTTAATAAAAAATCACGTGAACATTTTATTTATAAAAATTTTACACAAAAAATAGATTTAAATTTTATAAATATTTATCAATTATTAAATTTTTTAATAATTTTAAAAAAAAAATTATCAAAAAATTTAATAATTAATGTAAAATTTATAAAAAATAATAAAAAAATATGCTTATAGCTTAATGGATAAAGCCTTAGATTGCGGATCTATATAATGAA,Eukaryota--100--Domain;Heterokontophyta--100--Kingdom;Stramenopiles--100--Phylum;Oomycetes--100--Class;Pythiales--82--Order;Pythiaceae--82--Family;Pythium--72--Genus;Pythium_apleroticum--17--Species,89.4977168949772,0,31
GAAAATCTTTGTGTCGGTGGTTCAAATCCACCTCTAGACAATTTTTATTATTTAAATATGTATCTTTTAAGAATAACTTTTAAATCTTTTCAAAAAATAAATCAACTTAAACAAAATTTATTAAAAATAAAAAAAATTAATAAATTTAAAAATATTAAAATAAAAGGAATCTTTCAAACAAAAAATAAAAATAAAGTTTTTACTTTATTAAGATCTCCACATGTAAATAAAAAATCACGTGAACATTTTATTTATAAATATTATAATCCTAAAATAGATATAAAATTTATAAATATTTTTCAATTATTAAATTTTTTAATTATAATTAAAAAAATATTATCGGAAAATTCATTAATAAATATTAAAATTTTAAAAAAAAATTAAAGTTATGCTTATAGCTTAATTGGAAAAGCGTTAGATTGCGGATCTATAAAATGAA,Eukaryota--100--Domain;Heterokontophyta--100--Kingdom;Stramenopiles--100--Phylum;Oomycetes--100--Class;Peronosporales--100--Order;Peronosporaceae--100--Family;Phytophthora--100--Genus;Phytophthora_bilorbang--97--Species,98.1818181818182,0,28
GAAAATCTTTGTGTCGGTGGTTCAAATCCGCCTCTAAACATAATTAATTTAAAACATTTTATGTATATTTTAAGAATAAATATAAAGTCAATTACAAAAATTGATAAAATTAAAAAAAAAGTATCAAGATTAAAAAAATTACATAATTTTAAAAATATTGAAATAAAAGGTATTTTTAAAATAAAAAATAAAAATAAAATTTTTACATTATTAAAATCTCCACATGTTAATAAAAAATCACGTGAGCATTTTATTTATAAAAATTATGTTCAAAAAATAGATTTAAAATTTATTAATATTTTTCAATTAATAAATTTTTTAATAATTTTAAAAAAAAATATGTCAAAAAATTTATTAATTAATATTAAAATTATAAAAAATAATAAAAAAATATGCTTATAGCTTAATGGATAAAGCATTAGATTGCGGATCTATAAAATGAA,Eukaryota--100--Domain;Heterokontophyta--100--Kingdom;Stramenopiles--100--Phylum;Oomycetes--100--Class;Pythiales--83--Order;Pythiaceae--83--Family;Pythium--76--Genus;Pythium_insidiosum--29--Species,82.392776523702,26,0
GAAAATCTTTGTGTCGGTGGTTCAAGTCCACCTCCAGACAAAATATAATAAAATTATGTATATTTTAAGAATAACTTTTAAATCAATACAAAAAATAAATAATATTAAAAAAAATTTATTAAAATTAAAAAAAATAAATAAATTTAAAAATATCCAAATTAATGGAATATTTAAAATAAAAGATAAAAATAAAATTTTTACTTTATTAAAATCACCTCACGTAAATAAAAAATCACGTGAACATTTTATTTATAAAAATTATACTCAAAAAATTGAAATTAAATTCTCAAATATTATTGGATTATTTAATTTTATAATACTTATTAAAAAAGTTTTAGCTGAAAATTTTATAATAAATTTTAAAATTATAAAACATAACAAAAAATGCTTATAGCTTAATGGATAAAGCGTTAGATTGCGGATCTATAAAATGAA,Eukaryota--100--Domain;Heterokontophyta--100--Kingdom;Stramenopiles--100--Phylum;Oomycetes--100--Class;Pythiales--100--Order;Pythiaceae--100--Family;Pythium--100--Genus;Pythium_segnitium--26--Species,97.0114942528736,0,26
GAAAATCTTTGTGTCAGTGGTTCGAGTCCACTTTCAAACATTTTTTTTTCATATGTATGTTTTAAAAATTAAAATTAAAAGTATTAAAAAAATTAACGGATTAAATAATATTTTAAATCTTGAAAACTTAAAAATTTCTAATGTTAAATATAAAAATAAAATTTTTACAGTTTTAAAATCTCCGCATGTAAATAAAAAAGCACGTGAACAATTTAATTTTAAAAATTTTCAAAAAAATCTTAAAATAGAGAAAAAAACTTTTTTTCAAATATTAAATAATTTAATTTTAATAAAAAAAATTTTTAATAAGAATTTATTAATATCAACAAAAGTTATAAAAAAATAAAAATATGCTTATAGCTTAATTTGGATAAAGCCTTAGATTGCGGATCTATAAAATGAG,Eukaryota--100--Domain;Heterokontophyta--100--Kingdom;Stramenopiles--100--Phylum;Oomycetes--100--Class;Peronosporales--86--Order;Peronosporaceae--72--Family;Peronospora--66--Genus;Peronospora_tabacina--37--Species,68.5643564356436,24,0
GAAAATCTTTGTGTCGGTGGTTCAAATCCACCTCCAGACAAAATTTTTTATAAAAAATATTTATGTTTATTCTAAGAATAACTTTTAAATCAATTAAAAAAATAAATAATATTAAAAAAAAATTATTAAAATTAAAAAATAAAAATAATTTTAAAAATATCCATATAAATGGAATATTTAAAATAAAAAATAATAATAAAATTTTTACATTATTAAAATCACCTCATGTAAATAAAAAATCTCGTGAACATTTTATATATAAAAATTATATACAAAAAATAGATATAAATTTTAAAAACATTTTTCAACTATTAAATTTTTTAATAATTGTCAAAAAAATTTTAAATGAAAATTATATAATTAAAATAAAAATTATAAAAAATGAAAATAAAATGCTTATAGCTTAATGGATAAAGCGTTAGATTGCGGATCTATAAAATGAA,Eukaryota--100--Domain;Heterokontophyta--100--Kingdom;Stramenopiles--100--Phylum;Oomycetes--100--Class;Pythiales--100--Order;Pythiaceae--100--Family;Phytopythium--100--Genus;Phytopythium_montanum--56--Species,97.2911963882619,24,0
GAAAATCTTTGTGTCGGCGGTTCAACTCCGTCTCTAAACATCTTATTATGTATTTATTAAAAATAACATTGAAAACAAATAAAAAAAAAGATTTAAATAAACTTTTATTCAAAATAAAACAAAACATTAAAATACAAAATATTAAAATAAATAGTATTATAAAAATTAAACAAAAAAATAAAATATTTACAGTATTAAAATCACCACATGTAAATAAAAAATCACGAGAACAATTTAACTTTAAATTATATAAACAAATAAATAATATATTAATTAAAGATTTTTTTGATCTTTTTAATTTTTTAATATTTTTTAAAAAGATAATAGTAAATCCTTTTATAATTCATTATCAAATAATTAAATATTAATGCTTATAGTTTAAAGGATAAAGCATTAGATTGCGGATCTAAATATTGAA,Eukaryota--100--Domain;Heterokontophyta--100--Kingdom;Stramenopiles--100--Phylum;Oomycetes--100--Class;Peronosporales--89--Order;Peronosporaceae--89--Family;Peronospora--79--Genus;Peronospora_tabacina--77--Species,67.612293144208,20,0
GAAAATCTTTGTGTCGGTGGTTCAAGTCCACCTCTAAACAAAAAAATTAACTTAAATTTATTAAATAATGTACATTTTAAGAATAACCTTTAAATCAATAAAAAAAATAAATAATTTAAAACAAAATTTTTTAAAATTAAAACAAAAAAGTAATATAAAAAAAATTCAAATAAAAGGATTATTTAAAGTAAAAAATAAAAATAAAATTTTTACTTTATTAAAATCACCTCATGTTAATAAAAAATCACGTGAACATTTTAATTATAAAAATTATAGTCAAAAATTAGAAATTCAATTTTCAAATTTTTTTCAATTATTAGATTTTTTAATAATTATTAAAAAAAATTTAACTGAAAATTTTATAATTAAAACCAAAATTATTAAATATTAATGTGCTTATAGCTTAATAAGGATAAAGCGTTAGATTGCGGATCTATAAAATGAA,Eukaryota--100--Domain;Heterokontophyta--100--Kingdom;Stramenopiles--100--Phylum;Oomycetes--100--Class;Pythiales--72--Order;Pythiaceae--72--Family;Pythium--71--Genus;Pythium_acanthophoron--4--Species,83.4437086092715,16,0
GAAAATCTTTGTGTCGGTGGTTCAAATCCACCTCCAGACAAATTTTATTATTTAAAATATGTATCTATTAAGAATAACTTTTAAATCTTTTCAAAAAATAAATCAACTTAAATATAATTTATTAAAATTAAAAAAAATTAATAAATTTAAAAATATTAAAATAAATGGAATCTTTCAAACAAAAAATAAAAATAAAATTTTTACTTTATTAAGATCTCCCCATGTAAATAAGAAATCACGTGAACATTTTATTTATAAAAAATATAATCCCAAAATTGATATAAAATTTACAAATATTTTTCAATTATTAAATTTTTTAATTATAATTAAAAAAACATTATCAGAAAATTCATTAATGAATATTAAAATTCTAAAAAAAAATTAAAGTTATGCTTATAGCTTAATTGGAAAAAGCGTTAGATTGCGGATCTATAAAATGAA,Eukaryota--100--Domain;Heterokontophyta--100--Kingdom;Stramenopiles--100--Phylum;Oomycetes--100--Class;Peronosporales--100--Order;Peronosporaceae--100--Family;Phytophthora--100--Genus;Phytophthora_chlamydospora--91--Species,99.0407673860911,0,15
GAAAATCTTTGTGTCGGTGGTTCAAGTCCGCCTCCAAACATCTAATAAAAATTTATGTATATTTTACGAATTAGTTTTAAATCAGTAGAAAAAATAAATGAATTAAAAAAAAGTATATCAAAAATAAAAAAAATATATAATTTTAAAAATTTAAAAATAAATGGTATTTTTAAAACAAAAAATAAAAATAAAATTTTTACATTATTAAAATCTCCACATGTTAATAAAAAATCACGTGAACATTTTATATATAAAAATTATATTCAAAAAATTGATTTAAATTTTATAAATTTATATCAATTATTAAATTTTTTAATATTATTAAAAAAAAAATTATCAAAAAATTTAATAATTGATATAAAAATTATAAAAAATAATAAAAAAATATGCTTATAGCTTAATGGATAAAGTATTAGATTGCGGATCTATATCATGAA,Eukaryota--100--Domain;Heterokontophyta--100--Kingdom;Stramenopiles--100--Phylum;Oomycetes--100--Class;Pythiales--100--Order;Pythiaceae--100--Family;Pythium--100--Genus;Pythium_apleroticum--24--Species,93.6073059360731,11,0
GAAAATCTTTGTGTCGGTGGTTCGAATCCGCCTCTAGACATATATATATAATGTACACTTTAAAAATAACAATTAAATCTTTAAAAAATATAAATAATATAAAAATAAAATATTTATATAAAATAAAACAATTTTTAAAAAATAATAATATAAAAATAAAAGGAAATATACCACAAAAAAAAAGAAATACAATTTATACTGTTTTAAAATCACCTCATGTAAATAAAAAATCAATGGAACATTTTAATTATATTTTTTATAAGAAAAATTTTTATATATTAAATAATAATTTTTATAGTTTAATATATTTTTTAATTATTTTAAAAAAAAATCTACCTGAGAATATTTTAATAAAAACACAAATAAAAAAAAATTAAATATACTTATAGCTTAATAGGATAAAGCAATAGATTGCGGATCTATTAGATGAG,Eukaryota--100--Domain;Heterokontophyta--100--Kingdom;Stramenopiles--100--Phylum;Oomycetes--100--Class;Saprolegniales--100--Order;Saplolegniaceae--59--Family;Aphanomyces--59--Genus;Aphanomyces_astaci--59--Species,100,10,0
GAAAATCTTTGTGTCGGTGGTTCAAATCCACCTCCAGACAATTTTTATTATTTAAAATATGTATCTTTTAAGAATAACTTTTAAATCTTTTCAAAAAATAAATCAACTTAAACAAAATTTATTAAAATTACAAAAAATTAATAAATTTAAAAATATTAAAATAAACGGAATCTTCCAAATAAAAAATAAAAATAAAATTTTTACTTTATTAAGATCTCCTCATGTAAATAAAAAATCACGTGAACATTTTATTTATAAAAATTATATGCCAAAAATTGATATAAAATTTACTAATATTTTTCAATTATTAAATTTTTTAATTTTAATTAAAAAAACATTATCAGAAAATTCATTAATGAATATTAAAATTCTAAAAAAAAATTAAAGTTATGCTTATAGCTTAATTGGAAAAAGCGTTAGATTGCGGATCTATAAAATGAA,Eukaryota--100--Domain;Heterokontophyta--100--Kingdom;Stramenopiles--100--Phylum;Oomycetes--100--Class;Peronosporales--100--Order;Peronosporaceae--100--Family;Phytophthora--100--Genus;Phytophthora_megasperma--96--Species,100,9,0
GAAAATCTTTGAGTCGGTGGTTCAAATCCACCTCTAAATATTATAATGTTTAATTATATATTATTTATAACTTTTAAAACAATAAAATTAGATTCTAATTTAAAAAAAAATATAAATTTTTTAAAAAAAATAGGAAAATTTAAAGAAATTAAAATAAAAGGTTTTTTTATAAATAAAAATAAAAATAAAATTTTTACAGTATTAAGATCTCCACATATATATAAAAAATCACGTGAACAATTTATTTATAAAAATTTTATATTAAAATTAAATATAAATTTTATTAATTTTATACAATTATTAAATTTTATAATTATTTTAAATAAAATTTTTATTAAAAATTATTTAATAAATTTTAAAATAATAAAAAATGCTTATAACTTAAATGGATAAAGTATTAGATTACGAATCTAACAATTGAA,Eukaryota--100--Domain;Heterokontophyta--100--Kingdom;Stramenopiles--100--Phylum;Oomycetes--100--Class;Peronosporales--57--Order;Peronosporaceae--57--Family;Peronospora--54--Genus;Peronospora_tabacina--44--Species,70.8530805687204,8,0
GAAAATCTTTGTGTCGGTGGTTCAAGTCCGCCTCTAAACATTTTTAATTTTATGTACACTTTACAAATAAGTTTTAAATCAATAAAAAAAATAAAAGAATTACAAAAAAATATATTGAAATTACAAAAAATATATAATTTAAAAAATATTAAAATAAAAGGTATTTTTAAAATAAAAAATAAAAATAAAATTTTTACTTTATTAAAATCTCCACATGTAAATAAAAAATCAAGAGAACAATTTATTTATAAAAATCATATTCAAAAAATTAATTTAAATTTTGATAATTTTTTAATTTTATTAAATTTTTTAATTTTATTAAAAAAAAATTTAACAAAAGATTTTATAATAAATATTAAAATTATAAAAAATAAAAAAATATGCTTATAGCTTAATGGATAAAGCGTTAGATTGCGGATCTATAAAATGAA,Eukaryota--100--Domain;Heterokontophyta--100--Kingdom;Stramenopiles--100--Phylum;Oomycetes--100--Class;Pythiales--64--Order;Pythiaceae--64--Family;Pythium--63--Genus;Pythium_kashmirense--13--Species,85.091743119266,5,0
GAAAATCTTCGTGTCGGTGGTTCAAATCCACCTCCAGACATTTTGAAAAATTATGTATATTTTACGCATTACTTTTAAATCAATCGAAAAAATAACTGAATTAAAAAAACAATTATTAAAAATAAAAAAGATATATAAATTTAAAAATTTAAAAATAAAAGGATTTTTTAAAATAAAAAATAAAAATAAAATTTTTACATTATTAAAATCACCACATGTTAATAAAAAATCACGTGAACATTTTATATATAAAAATTATGTTCAAAAAATTGATATTAAATTTATAAATATTTATCAATTATTGAGTTTTTTAATTATTTTAAAAAAAGTTTTATCTAAAAACTTTTTAACAAGTATAAAAATTATAAAAAAAAATACAAAAATATGCTTATAGCTTAATGGATAAAGCGTTAGATTGCGGATCTATAAAATGAA,Eukaryota--100--Domain;Heterokontophyta--100--Kingdom;Stramenopiles--100--Phylum;Oomycetes--100--Class;Pythiales--99--Order;Pythiaceae--99--Family;Pythium--97--Genus;Pythium_adhaerens--78--Species,93.7931034482759,0,2
