sequence,dada2_tax,dada2_pid,S1_its,S2_its,S1_rps10,S2_rps10
GAAAATCTTTGTGTCGGTGGTTCAAATCCACCTCCAGACAAATTAATTTTTTAAAACTTATGTTTATATTAAGAATTACATTTAAATCTATTAAAAAAATAAATAACATTAAACCTATTTTATTAAATCAAAAAAATTTAAATAAATTTAATAATATTAAAATAAATGGAATATTTAAAACAAAAAATAAAAATAAAATTTTTACAGTATTAAAATCACCACATGTTAATAAAAAAGCACGTGAACATTTTATTTATAAAAATTTTACACAAAAAGTTGAAATTAAATGTTTAAATATTTTTCAATTATTAAATTTTTTAATTTTGATTAAAAAAATCTTAACAGAAAATTTTATTATTACTACAAAAATAATTAAACAATAATTAATATATGCTTATAGCTTAATGGATAAAGCATTAGATTGCGGATCTACAAAATGAA,Eukaryota--100--Domain;Heterokontophyta--100--Kingdom;Stramenopiles--100--Phylum;Oomycetes--100--Class;Peronosporales--80--Order;Peronosporaceae--80--Family;Peronospora--62--Genus;Peronospora_tabacina--45--Species,72.9124236252546,0,0,1434,30
GAAAATCTTTGTGTCGGTGGTTCAAGTCCGCCTCCAAACATCTTATAAAAATGTATGTATATTTTACGAATTAGTTTTAAATCAGTAGAAAAAATAAATGAATTAAAAAAAAATATCTCAAAAATAAAAAAAATATATAATTTTAAAAATTTAAAAGTAAATGGTATTTTTAGAACAAAAAATAAAAATAAAATTTTTACATTATTAAAATCACCCCATGTTAATAAAAAATCACGTGAACATTTTATATATAAAAATTATATTCAAAAAATTGATTTAAATTTTTCAAATTTTTTTCAATTATTAAATTTTTTAGTAATTTTAAAAAAAATATTATCTAAAGATTTTTTAATCAATATCAAAATTATTAAAAAAAATAAAAAAAATATGCTTATAGCTTAATGGATAAAGCGTTAGATTGCGGATCTATAAAATGAA,Eukaryota--100--Domain;Heterokontophyta--100--Kingdom;Stramenopiles--100--Phylum;Oomycetes--100--Class;Pythiales--100--Order;Pythiaceae--100--Family;Pythium--100--Genus;Pythium_dissotocum--45--Species,99.7716894977169,0,0,835,337
GAAAATCTTTGTGTCGGTGGTTCAAGTCCACCTCCAGACAAAAATAATAACTATGTATATTTTAAGAATAACTTTTAAATCAATACAAAAAATAAATAATATTAAAAAAAATTTATTAAAATTAAAAAAAATAAATAAATTTAAAAATATTCAAATAAAAGGAATATTTAAAATAAAAGATAAAAATAAAATTTTTACTTTATTAAAATCACCTCACGTAAATAAAAAATCTCGTGAACATTTTATTTATAAAAATTATACTCAAAAAATAGATGTAAAATTTTCAAATATTATTGAATTATTTAATTTTATAATACTTATTAAAAAAGTTTTAACTAAAAATTTTATAATAAATTTTAAAATTATAAAATATAATAAAAAAAAAATGCTTATAGCTTAATGGATAAAGCGTTAGATTGCGGATCTATAAAATGAA,Eukaryota--100--Domain;Heterokontophyta--100--Kingdom;Stramenopiles--100--Phylum;Oomycetes--100--Class;Pythiales--100--Order;Pythiaceae--100--Family;Pythium--100--Genus;Pythium_cryptoirregulare--28--Species,99.7706422018349,0,0,0,831
GAAAATCTTTGTGTCGGTGGTTCAAATCCGCCTCCAAACAAAAATATAAATTATTTTATATGTATATTTTAAGAATAAGTTTTAAATCTGTATCAAAAATAGATAAAATTAAAAAAGAATTATCAAGATTAAAAAAAATATATAATTTTAAAAATATAACAATTAATGGTATTTTTAAAACAAAAAATAAAGATAAAATTTTTACATTATTAAAATCACCTCATGTTAATAAAAAATCTCGCGAACATTTTATTTATAAAAATTATGTACAAAAAATAGATTTAAATTTTATTAATATTTTTCAATTAATAAATTTTTTAATAATTTTAAAAAAAAAATTATCAAAAAATGTATTAATAAATGTAAAAATAATTAAAAAATAAAAAAATATGCTTATAGCTTAATGGATAAAGCGTTAGATTGCGGATCTATAAAATGAA,Eukaryota--100--Domain;Heterokontophyta--100--Kingdom;Stramenopiles--100--Phylum;Oomycetes--100--Class;Pythiales--87--Order;Pythiaceae--87--Family;Pythium--85--Genus;Pythium_aphanidermatum--28--Species,86.8778280542986,0,0,0,546
AAAAAGTCGTAACAAGGTTTCCGTAGGTGAACCTGCGGAAGGATCATTAGTGAATCTTCAAAGTCGGCTCGTCAGATTGTGCTGGTGGAGACACATGTGCACGTCTACGAGTCGCAAACCCACACACCTGTGCATCTATGACTCTGAGTGCCGCTTTGCATGGCCCCTTGATTTGGGCCTGGCGCTCGAGTACTTTCACACACTCTCGAATGTAATGGAATGTCTTCTTGTGCATAACGTACAAACAGAAACAACTTTCAACAACGGATCTCTTGGCTCTC,Eukaryota--100--Domain;Fungi--100--Kingdom;Basidiomycota--100--Phylum;Agaricomycetes--100--Class;Sebacinales--100--Order;unidentified--75--Family;unidentified--75--Genus;Sebacinales_sp--75--Species,90.9448818897638,472,0,0,0
AAAAAGTCGTAACAAGGTTTCCGTAGGTGAACCTGCGGAAGGATCATTAGTGAATCTTCAAAGTCGGCTCGTCGGATTGTGCTGGTGGAGACACATGTGCACGTCTACGAGTCGCAAACCCACACACCTGTGCATCTATGACTCTGAGTGCCGCTTTGCATGGCCCCTTGATTTGGGCCTGGCGCTCGAGTACTTTCACACACTCTCGAATGTAATGGAATGTCTTGTTGTGCATAACGTACAAACAGAAACAACTTTCAACAACGGATCTCTTGGCTCTC,Eukaryota--100--Domain;Fungi--100--Kingdom;Basidiomycota--100--Phylum;Agaricomycetes--100--Class;Sebacinales--100--Order;unidentified--70--Family;unidentified--70--Genus;Sebacinales_sp--70--Species,90.9448818897638,419,0,0,0
AAAAAGTCGTAACAAGGTTTCCGTAGGTGAACCTGCGGAAGGATCATTAGTGAATCTTCAAAGTCGGCTCGTCGGATTGTGCTGGTGGAGACACATGTGCACGTCTACGAGTCGCAAACCCACACACCTGTGCATCTATGACTCTGAGTGCCGCTTTGCATGGCCCCTTGATTTGGGCCTGGCGCTCGAGTACTTTCACACACTCTCGAATGTAATGGAATGACTTGTTGTGCATAACGTACAAACAGAAACAACTTTCAACAACGGATCTCTTGGCTCTC,Eukaryota--100--Domain;Fungi--100--Kingdom;Basidiomycota--100--Phylum;Agaricomycetes--100--Class;Sebacinales--100--Order;unidentified--73--Family;unidentified--73--Genus;Sebacinales_sp--73--Species,90.5511811023622,0,331,0,0
AAGTCGTAACAAGGTTTCCGTAGGTGAACCTGCGGAAGGATCATTAAAAATGAAGCCGGGAAACCGGTCCTTCTAACCCTTGATTATCTTAATTTGTTGCTTTGGTGGGCCGCGCAAGCACCGGCTTCGGCTGGATCGTGCCCGCCAGAGGACCACAACTCTGTATCAAATGTCGTCTGAGTACTATATAATAGTTAAAACTTTCAACAACGGATCTCTTGGTTCTG,Eukaryota--100--Domain;Fungi--100--Kingdom;Ascomycota--100--Phylum;Leotiomycetes--100--Class;Helotiales--100--Order;unidentified--99--Family;unidentified--99--Genus;Helotiales_sp--99--Species,76.2114537444934,41,205,0,0
GAAAATCTTTGTGTCGGTGGTTCAAGTCCGCCTCCAAACATCTTATAAAAATGTATGTATATTTTACGAATTAGTTTTAAATCAGTAGAAAAAATAAATGAATTAAAAAAAAATATCTCAAAAATAAAAAAAATATATAATTTTAAAAATTTAAAAGTAAAATGGTATTTTTAGAACAAAAAATAAAAATAAAATTTTTACATTATTAAAATCACCCCATGTTAATAAAAAATCACGTGAACATTTTATATATAAAAATTATATTCAAAAAATTGATTTAAATTTTTCAAATTTTTTTCAATTATTAAATTTTTTAGTAATTTTAAAAAAAACATTATCTAAAGATTTTTTAATCAATATTAAAATTATTAAAAAAAATAAAAAAATATGCTTATAGCTTAATGGATAAAGCGTTAGATTGCGGATCTATAAAATGAA,Eukaryota--100--Domain;Heterokontophyta--100--Kingdom;Stramenopiles--100--Phylum;Oomycetes--100--Class;Pythiales--100--Order;Pythiaceae--100--Family;Pythium--100--Genus;Pythium_oopapillum--65--Species,99.5444191343963,0,0,0,240
AAAAAGTCGTAACAAGGTTTCCGTAGGTGAACCTGCGGAAGGATCATTAGTGAATCTTCAAAGTCGGCTCGTCGGATTGTGCTGGTGGAGACACATGTGCACATCTACGAGTCGCAAACCCACACACCTGTGCATCTATGACTCTGAGTGCCGCTTTGCATGGCCCCTTGATTTGGGCCTGGCGCTCGAGTACTTTCACACACTCTCGAATGTAATGGAATGTCTTGTTGTGCATAACGTACAAACAGAAACAACTTTCAACAACGGATCTCTTGGCTCTC,Eukaryota--100--Domain;Fungi--100--Kingdom;Basidiomycota--100--Phylum;Agaricomycetes--100--Class;Sebacinales--100--Order;unidentified--80--Family;unidentified--80--Genus;Sebacinales_sp--80--Species,90.5511811023622,0,233,0,0
AAGTCGTAACAAGGTTTCCGTAGGTGAACCTGCGGAAGGATCATTACTGGGTAAAGGCTTTTCGCCTCCAACCCCACCCTCTGTAACTGCGGCCCGGATTCGGCGCCTGGCGGGAAACCCCTCTGTTCGCGGAGGCTCCTCGCCTGCCGGAATCAGCCAACACTGTCTCAAAAATTGAAGTCTGAGAACAAGTTTAAAACTAAACAAAACTTTCAACAACGGATCTCTTGGTTCTG,Eukaryota--100--Domain;Fungi--100--Kingdom;Ascomycota--96--Phylum;Dothideomycetes--79--Class;Venturiales--77--Order;Venturiaceae--77--Family;Venturia--77--Genus;Venturia_sp--77--Species,69.327731092437,50,78,0,0
AAGTCGTAACAAGGTCTCCGTAGGTGAACCTGCGGAGGGATCATTACAGAGAACATCGCCCTCACGGGTGACTCTCCAACCCTATGTTATACAACCTTTGTTGCTTTGGCGAGCCGCCTCGGCCGCTGGCTTCGGCTAGCGAGTGCTCGCCAGAGGACCCCAAACTCTGAATATTAATGTCGTCTGAGTACTATATAATAGTTAAAACTTTCAACAACGGATCTCTTGGTTCTG,Eukaryota--100--Domain;Fungi--100--Kingdom;Ascomycota--98--Phylum;Leotiomycetes--89--Class;Helotiales--89--Order;unidentified--64--Family;unidentified--64--Genus;Helotiales_sp--64--Species,84.4221105527638,0,71,0,0
AAGTCGTAACAAGGTTTCCGTAGGTGAACCTGCGGAAGGATCATTAACGAGTTCAACTGGGGTCTGTGGGGATTCGATGCTGGCCTCCGGGCATGTGCTCGTCCCCCGGACCTCACATCCACTCACAACCCCTGTGCATCATGAGAGGTGTGGTCCTCCGTCATGGGAGCAGCTCCCCTCCGGGCGTGTTTGTACACCCCGGGCGGTCGAGCCGGGACTGCACTTCGACGCCTTTACACAAACCTTTGAATCAGTGATGTAGAATGTCATGGCCAGCGATGGTCGAACTTTAAATACAACTTTCAACAACGGATCTCTTGGCTCTC,Eukaryota--100--Domain;Fungi--100--Kingdom;Basidiomycota--64--Phylum;Agaricomycetes--60--Class;Hymenochaetales--17--Order;Repetobasidiaceae--8--Family;Rickenella--8--Genus;Rickenella_sp--8--Species,67.5409836065574,52,8,0,0
AAGTCGTAACAAGGTTTCCGTAGGTGAACCTGCGGAAGGATCATTAATGAAAACTTCAGGAGTTGCTGCTGGCCTCTCGAGGCACTCGTGCACGCTCCGTTTTTCATCCACCCACACCTGTGCACAATCCTTTTTTGAGAGGGAAAATGGGATTTCTTCGGAATGTCCCTCTTTTCCTCCAAAAAATCAATCACACACTCTACGCAATCGTCAGAACGAACTTGTTTTTTTGTAAACAAACTTAACAACTTTCAACAACGGATCTCTTGGCTCTC,Eukaryota--100--Domain;Fungi--100--Kingdom;Basidiomycota--77--Phylum;Agaricomycetes--69--Class;Agaricales--38--Order;Entolomataceae--6--Family;Entoloma--6--Genus;Entoloma_shandongense--4--Species,60.6164383561644,0,56,0,0
AAGTCGTAACAAGGTCTCCGTTGGTGAACCAGCGGAGGGATCATTACCGGGTCTAGCGACTGCCCGAACCACTACACTGTGCACTATTCCAAAACAAATTTCTACGCTGCGGCGGGCCGCTCGCTGGAGGGGCCCCGGGCCGAAAGGCTGGCCTGCCAAAGCAACCCTTAAAATATTTTGAAGCACTTCTGAGAGGCGCCGATAGCCTTTTTATCAAAGGTGATCACAACCCACAACAATGGATCTCTTGGCTCTG,Eukaryota--100--Domain;Fungi--100--Kingdom;Ascomycota--60--Phylum;Eurotiomycetes--13--Class;Eurotiales--7--Order;Trichocomaceae--3--Family;Chromocleista--1--Genus;Chromocleista_sp--1--Species,49.4252873563218,0,50,0,0
AAGTCGTAACAAGGTTTCCGTAGGTGAACCTGCGGAAGGATCATTAATGAAAACTTCAGGAGTTGCTGCTGGCCTCTCGAGGCACTTGTGCACGCTCCGTTTTTCATCCACCCACACCTGTGCACAATCCATTTTTTGAGAGGGAAAACGGGACTTCTTCGGAATTGTCCCTCTTTTCCTCCAAAAAATCAATCACACACTCTACGCAATCGTCAGAACGAACTTGTTTTTTTGTAAACAAACTTAACAACTTTCAACAACGGATCTCTTGGCTCTC,Eukaryota--100--Domain;Fungi--100--Kingdom;Basidiomycota--66--Phylum;Agaricomycetes--55--Class;Agaricales--29--Order;Entolomataceae--7--Family;Entoloma--7--Genus;Entoloma_shandongense--6--Species,61.2456747404844,0,43,0,0
AAGTCGTAACAAGGTTTCCGTAGGTGAACCTGCGGAAGGATCATTAAAGAATCGCCCCGTTTTTCGAAATGGGTTCTATTCCCAAACCGTGTATACATACCTTTGTTGCTTTGGCAGGCCGCCTTCTAGGCGTCGGCTTCGGCGGACTGCGCCTGCCAGAAGACCCAAACTCGTTTGTTTAGTGATGTCTGAGTACTATATAATAGTTAAAACTTTCAACAACGGATCTCTTGGTTCTG,Eukaryota--100--Domain;Fungi--100--Kingdom;Ascomycota--100--Phylum;Leotiomycetes--99--Class;Helotiales--66--Order;Helotiaceae--30--Family;unidentified--30--Genus;Helotiaceae_sp--30--Species,93.6893203883495,22,17,0,0
AAGTCGTAACAAGGTCTCCGTAGGTGAACCTGCGGAGGGATCATTACAGAGAACATCGCCCTCACGGGTGACTCTCCAACCCTATGTTATACAACCTTTGTTGCTTTGGCGAGCCGCCTCGGCCGCTGGCTTCGGCTAGCGAGTGCTCGCCAGAGGACCCCAAACTCTGAATATTTTAATGTCGTCTGAGTACTATATAATAGTTAAAACTTTCAACAACGGATCTCTTGGTTCTG,Eukaryota--100--Domain;Fungi--100--Kingdom;Ascomycota--98--Phylum;Leotiomycetes--87--Class;Helotiales--85--Order;unidentified--45--Family;unidentified--45--Genus;Helotiales_sp--45--Species,83.5820895522388,36,0,0,0
AAGTCGTAACAAGGTTTCCGTAGGTGAACCTGCGGAAGGATCATTAACGAGTTCAGTCCCGGGATTGATGCTGGCGGCCCCTCTCGGGGAGGCATGTGCTCGTCCTGTGGGCCATCCACACTCACAACCCCTTTGTGCACCATGAGAGGTGTGGGTCCTCCCTTAACCCGGGGGGGATCAACACTTCGAACGCATATACACACACTTCTATTCAGTTCTGTAGAATGTAATGACCGGGTAGCCGGTCGAACCTATATACAACTTTCAACAACGGATCTCTTGGCTCTC,Eukaryota--100--Domain;Fungi--100--Kingdom;Ascomycota--39--Phylum;Lecanoromycetes--27--Class;Teloschistales--24--Order;Physciaceae--24--Family;Phaeophyscia--24--Genus;Phaeophyscia_ciliata--18--Species,53.9249146757679,33,0,0,0
AAGTCGTAACAAGGTTTCCGTAGGTGAACCTGCGGAAGGATCATTAACAGTAACATGGTTATGCTTCTAGCATAGACTGAATGAAACCCACCCTGAGTACCTTTGCCTGTTGCTTCCGTAGGGCATGACATCTGTCACTCTTGAGCTTAAAAACCTCAAGGGAGTCCTTACGGGAGGTATACTATTGAAACTCTTGCACTTCAATGTCTTCTGTCTGAACTTGTTTACAGCAAACATTAAAACTTTCAACAACGGATCTCTTGGTTCTC,Eukaryota--100--Domain;Fungi--100--Kingdom;Ascomycota--100--Phylum;Pezizomycetes--100--Class;Pezizales--100--Order;Pyronemataceae--100--Family;unidentified--100--Genus;Pyronemataceae_sp--100--Species,96.1038961038961,0,28,0,0
AAGTCGTAACAAGGTTTCCGTAGGTGAACCTGCGGAAGGATCATTAAAGAATGCCCCGTTTTTTGAAATGGGTTCTATTCCCAACCGTGTATACATACCTTTGTTGCTTTGGCAGGCCGCCTTCTAGGCGTTGGCTCCGGCTAACTGCGCTTGCCAGAGGACCCAAACTCGTTTGTTTAGTGATGTCTGAGTACTATATAATAGTTAAAACTTTCAACAACGGATCTCTTGGTTCTG,Eukaryota--100--Domain;Fungi--100--Kingdom;Ascomycota--100--Phylum;Leotiomycetes--100--Class;Helotiales--80--Order;Helotiaceae--59--Family;unidentified--59--Genus;Helotiaceae_sp--59--Species,95.1219512195122,26,0,0,0
AAGTCGTAACAAGGTTTCCGTAGGTGAACCTGCGGAAGGATCATTATTGAAAAAGACAAGACGCCCCGTTTTTTCGTAAAATGGGTTCAATACCCACAACCGTGTATACCTTACCTTTGTTGCTTTGGCAGGCCGCCTCCGGGCGTTGGCTTCGGCTGACAGCGCCTGCCAGAGGACCCAAACTCTGTGTTTAGTGATGTCTGAGTAATATATAATATTTTAAAACTTTCAACAACGGATCTCTTGGTTCTG,Eukaryota--100--Domain;Fungi--100--Kingdom;Ascomycota--100--Phylum;Leotiomycetes--96--Class;Helotiales--61--Order;Hyaloscyphaceae--48--Family;Pseudaegerita--28--Genus;Pseudaegerita_corticalis--28--Species,68.4824902723735,26,0,0,0
AAGTCGTAACAAGGTTTCCGTAGGTGAACCTGCGGAAGGATCATTAATGAAATACAAGTCGGCGGATTGTGCTGGCGCGCAAGCGCATGTGCACGTCTGTTGCAAATCCACACACCTGTGCACCTTAGACTCTGAGTGAGCTTTCGTAACCGATTGCACCTCGGAGTATTTTACACACGCTGAATGTAAAAGGATGTTGTAGTGCCTAGCACAAAAAAACTTACAACTTTCAACAACGGATCTCTTGGCTCTC,Eukaryota--100--Domain;Fungi--100--Kingdom;Basidiomycota--74--Phylum;Agaricomycetes--71--Class;Sebacinales--34--Order;Sebacinaceae--27--Family;unidentified--27--Genus;Sebacinaceae_sp--27--Species,70.3007518796992,0,24,0,0
AAGTCGTAACAAGGTCTCCGTTGGTGAACCAGCGGAGGGATCATTACAGAGTTCTAAAAGACTCCCAAACCATTGTGAACATACCCGTCAGCGTTGCTTCGGCGGGCGTCCCCTCCCTGGGGACGCTGCCCTTCGGGGTGCCCGCCGGTGCTTACGAAACTCTTTTGTATTTTAGTGGCCTCTCTGAGAAAACAAACAAATAAGTTAAAACTTTCAACAACGGATCTCTTGGTTCTG,Eukaryota--100--Domain;Fungi--100--Kingdom;Ascomycota--94--Phylum;Sordariomycetes--75--Class;Sordariales--36--Order;Chaetomiaceae--22--Family;Humicola--22--Genus;Humicola_sp--22--Species,73.0392156862745,0,23,0,0
AAGTCGTAACAAGGTTTCCGTAGGTGAACCTGCGGAAGGATCATTAGTGAATCTTCAAAGTCGGCTCGTCGGATTGTGCTGGTGGAGACACATGTGCACGTCTGCGAGTCGCAAACCCACACACCTGTGCATCTATGACTCTGAGTGCCGCTTTGTGTGGCCCTTGATTGGGCCTGGTGCTCGAGTACTTTCACACACTCTCGAATGTAATGGAATGTCTTGTTGTGCATAAATGTACAAACAGAAACAACTTTCAACAACGGATCTCTTGGCTCTC,Eukaryota--100--Domain;Fungi--100--Kingdom;Basidiomycota--100--Phylum;Agaricomycetes--100--Class;Sebacinales--99--Order;unidentified--62--Family;unidentified--62--Genus;Sebacinales_sp--62--Species,90.1185770750988,20,0,0,0
AAGTCGTAACAAGGTTTCCGTAGGTGAACCTGCGGAAGGATCATTAAAGAATGCCCCGTTTTTTGAAACGGGTTCTATTCCCAAACCGTGTATACATACCTTTGTTGCTTTGGCAGGCCGCCTTCGGGCGTTGGCTCACGCTGACCGCGCCTGCCAGAGGACCCAAACTCGTTTGTTTAGTGATGTCTGAGTACTATATAATAGTTAAAACTTTCAACAACGGATCTCTTGGTTCTG,Eukaryota--100--Domain;Fungi--100--Kingdom;Ascomycota--100--Phylum;Leotiomycetes--99--Class;Helotiales--65--Order;Helotiaceae--49--Family;unidentified--49--Genus;Helotiaceae_sp--49--Species,93.6274509803922,19,0,0,0
AAGTCGTAACAAGGTTTCCGTAGGTGAACCTGCGGAAGGATCATTAACGAGTTCAGTCCCGGGATTGATGCTGGCGGCCCCTCTCGGGGAGGCATGTGCTCGTCCTGTGGGCCATCCACACTCACCAACCCCCTTTGTGCACCATGAGAGGTGTGGGTCCCCCTTAACCCCGGGGATCAACACTTCGAACGCATATACACACACTTCTATTCAGTTCTGTAGAATGTAATGACCGGGTAGCCGGTCGAACCTAAATACAACTTTCAACAACGGATCTCTTGGCTCTC,Eukaryota--100--Domain;Fungi--100--Kingdom;Ascomycota--37--Phylum;Lecanoromycetes--28--Class;Teloschistales--22--Order;Physciaceae--22--Family;Phaeophyscia--22--Genus;Phaeophyscia_ciliata--16--Species,53.5836177474403,0,19,0,0
AAGTCGTAACAAGGTTTCCGTAGGTGAACCTGCGGAAGGATCATTAACAGTAACATGGTTATGCTTCTAGCATAGACTGAATGAAACCCACTCTGAGTACCTCTGCCTGTTGCTTCCGTAGGGCATGACATCCGTCACTCTTGACTTTAATATTCTCAAGGGAGTCCTTACGGGAGGTATACTATTGAAACTCTTGCACTTCAATGTCTTCTGTCTGAAACTGTTTACAGCAAACATTAAAACTTTCAACAACGGATCTCTTGGTTCTC,Eukaryota--100--Domain;Fungi--100--Kingdom;Ascomycota--100--Phylum;Pezizomycetes--100--Class;Pezizales--100--Order;Pyronemataceae--100--Family;unidentified--100--Genus;Pyronemataceae_sp--100--Species,96.969696969697,12,6,0,0
AAGTCGTAACAAGGTTTCCGTAGGTGAACCTGCGGAAGGATCATTAGTGAATCTTCAAAGTCGGCTTGTCGGATTGTGCTGGTGGAGACACATGTGCACATCTGCGAGTCGCAAACCCACACACCTGTGCATCTATGACTCTGAGTGCCGCTTTGCGTGGTCCTTGATTGGGCCTGGCGCTCGAGTACTTTCACACACTCTCGAATGTAATGGAATGTCTTGTTGTGCATAAATGTACAAACAGAAACAACTTTCAACAACGGATCTCTTGGCTCTC,Eukaryota--100--Domain;Fungi--100--Kingdom;Basidiomycota--100--Phylum;Agaricomycetes--100--Class;Sebacinales--100--Order;unidentified--74--Family;unidentified--74--Genus;Sebacinales_sp--74--Species,90.5138339920949,17,0,0,0
AAGTCGTAACAAGGTTTCCGTAGGTGAACCTGCGGAAGGATCATTATCGAGTTTGTGGGGGGTGGATTGATGCTGGCCGCACTTGTGTGGCATGTGCTCGTCTCCCTCTTCGTCCCACTCTCAACCCCATGTGCACCGTGAGGGGTGTTGGTCCCGCCAGTCGGGACGGACGCCTCGAACCCCCCTACACACACAAACCAGTATGAACCGAATGTAATAATTTGATAAATCATTACAACTTTCAACAACGGATCTCTTGGCTCTC,Eukaryota--100--Domain;Fungi--100--Kingdom;Basidiomycota--63--Phylum;Agaricomycetes--46--Class;Agaricales--25--Order;Tricholomataceae--16--Family;Cantharellopsis--13--Genus;Cantharellopsis_prescotii--13--Species,66.1921708185053,17,0,0,0
AAGTCGTAACAAGGTCTCCGTAGGTGAACCTGCGGAGGGATCATTACAGAGAACATCGCCCTCACGGGTGACTCTCCAACCCTTATGTTATTAAAACCTTTGTTGCTTTGGCGAGCCGCTTCGGCCACCGGCGTCTTGCTGGTGTGCGCTCGCCAGAGGACCCCAAACTCTTGTTTATTAATGTCGTCTGAGTACTATATAATAGTTAAAACTTTCAACAACGGATCTCTTGGTTCTG,Eukaryota--100--Domain;Fungi--100--Kingdom;Ascomycota--99--Phylum;Leotiomycetes--93--Class;Helotiales--91--Order;unidentified--44--Family;unidentified--44--Genus;Helotiales_sp--44--Species,85.4922279792746,0,17,0,0
AAGTCGTAACAAGGTTTCCGTAGGTGAACCTGCGGAAGGATCATTAGTGAATCTTCAAAAGTCGGCTCGTCGGATTGTGCTGGTGGAGACACATGTGCACGTCTTGCGAGTCGCAAACCCACACACCTGTGCATCTATGACTCTGAGTGCCACTTTGCATGGCCTTGACCGGCCTGGCGCTCGAGTACTTTTCACACACTCGAATGTAATGGAATGTCTTGTTGTGCGTAATGTACAAACTGAAACAACTTTCAACAACGGATCTCTTGGCTCTC,Eukaryota--100--Domain;Fungi--100--Kingdom;Basidiomycota--100--Phylum;Agaricomycetes--100--Class;Sebacinales--100--Order;unidentified--72--Family;unidentified--72--Genus;Sebacinales_sp--72--Species,88.1889763779528,14,0,0,0
AAGTCGTAACAAGGTTTCCGTAGGTGAACCTGCGGAAGGATCATTAACGAATTACAAAGTCGGCCTTGCTGTTGCTGGTGGAAACACATGTGCACGCTCGGTTGCAAATCCACACACCTGTGCATCTATGACTCGAGGTTGTTGTCGTATGACCGAGAGTAACTTTTACACACTCTTGAATGTAATGGAATGTCTACTGTGCATAATGTACAATTAAACAACTTTCAACAACGGATCTCTTGGCTCTC,Eukaryota--100--Domain;Fungi--100--Kingdom;Basidiomycota--99--Phylum;Agaricomycetes--99--Class;Sebacinales--96--Order;unidentified--51--Family;unidentified--51--Genus;Sebacinales_sp--51--Species,64.7482014388489,13,0,0,0
AAGTCGTAACAAGGTCTCCGTTGGTGAACCAGCGGAGGGATCATTACAGGGTCTAACGACGCCCAAACCAAACCGTGAACTATTCCACAAACCTATGCTCCGGCGGGCCGCTCGCTGGGGGAGCCCCGGGCCGCTTTGTCGGTGGTCCGCCGGAAGCATGCAAACCAAAATAATGCTCTGAGAACTGCTCTAAGAAAATTCTTTTTCTAAACGAAAATAAATCACAACTCATAACAATGGATCTCTTGGCTCTG,Eukaryota--100--Domain;Fungi--100--Kingdom;Ascomycota--70--Phylum;Sordariomycetes--24--Class;unidentified--9--Order;unidentified--9--Family;unidentified--9--Genus;Sordariomycetes_sp--9--Species,52.2900763358779,0,8,0,0
AAGTCGTAACAAGGTTTCCGTAGGTGAACCTGCGGAAGGATCATTCATAATAAAGTGTTTTATGGCACTTTTTAAAAAAAATCCATATCCACCTTGTGTGCAATGTATTTTAGATCTCGCCAAATTATTTTTTGATAATTTGGCAAGGTTTTATTATATTACATCAACTCTTTTTTAATATGATTTGTCTGAAAAATATTATGAATTGTCAACTTAATTCAAAATACAACTTTCAACAACGGATCTCTTGGCTCTC,Eukaryota--100--Domain;Fungi--100--Kingdom;Zygomycota--89--Phylum;Mortierellomycotina_cls_Incertae_sedis--88--Class;Mortierellales--88--Order;Mortierellaceae--87--Family;Mortierella--87--Genus;Mortierella_sp--74--Species,62.890625,0,8,0,0
AAGTCGTAACAAGGTTTCCGTAGGTGAACCTGCGGAAGGATCATTCATAATCAAGTGTTTTTATGGCACTTTCAAAAATCCATATCCACCTTGTGTGCAATGTCATCTCACTGGAGGTCAACGGCTGTAAAAATCCGTTTGGTCACCTTTGGGATTTATATCTACTCAGAACTTTAGTGATTTTGTCTGAAACATATTATGAATACTTAATTCAAAATACAACTTTCAACAACGGATCTCTTGGCTCTC,Eukaryota--100--Domain;Fungi--100--Kingdom;Zygomycota--92--Phylum;Mortierellomycotina_cls_Incertae_sedis--91--Class;Mortierellales--91--Order;Mortierellaceae--89--Family;Mortierella--89--Genus;Mortierella_sp--46--Species,72.3809523809524,2,5,0,0
AAGTCGTAACAAGGTTTCCGTAGGTGAACCTGCGGAAGGATCATTAATGAATATAGGACGTTTGCTCGTAAAACAGCAAGGTCCGACCTCCATTTTCTTACACTGTGCATTTATTGGCGAGATTATTGAAGAAGCTTGCTTTTTCGATCGTCTTGCGGCTCATTTATTAACACCAGTCAAAGTATGTAACGAAATATCGAAATAAAATAAAACTTTCAACAACGGATCTCTTGGCTCTC,Eukaryota--100--Domain;Fungi--100--Kingdom;Basidiomycota--57--Phylum;Microbotryomycetes--31--Class;unidentified--24--Order;unidentified--24--Family;unidentified--24--Genus;Microbotryomycetes_sp--24--Species,61.25,0,7,0,0
AAGTCGTAACAAGGTTTCCGTAGGTGAACCTGCGGAAGGATCATTACAGAGTTCATGCCCTTCGGGGTAGACCTCCCACCCTTGTGTATTTATACCTTTGTTGCTTTGGTAGGCCGTTGGGCTTCGGCCTGGCTACTGGCTCCGGCTAGTGAGTGCCTACCAGAGGATACCAAAACTCTGAATGTTAGTGTCGTCTGAGTACTATATAATAGTTAAAACTTTCAACAACGGATCTCTTGGTTCTG,Eukaryota--100--Domain;Fungi--100--Kingdom;Ascomycota--100--Phylum;Leotiomycetes--97--Class;Helotiales--97--Order;unidentified--39--Family;unidentified--39--Genus;Helotiales_sp--39--Species,86.3414634146341,0,7,0,0
AAGTCGTAACAAGGTTTCCGTAGGTGAACCTGCGGAAGGATCATTAATAATAGCGGGTCCTCTCGAATTATAGGATGTCTGAACCCTTGAATACTTAACTTTGTTGCTTTGGTGGGCCGCCCTCGGGCGTTGGCCATGGCTGACTGTGCCTGCCAGAGGACCACAACTCTTTGTTTTATGATGTCTGAGTACTATAAAATATTTAAAACTTTCAACAACGGATCTCTTGGTTCTG,Eukaryota--100--Domain;Fungi--100--Kingdom;Ascomycota--98--Phylum;Leotiomycetes--68--Class;Helotiales--58--Order;unidentified--28--Family;unidentified--28--Genus;Helotiales_sp--28--Species,64.1350210970464,6,0,0,0
AAGTCGTAACAAGGTCTCCGTTGGTGAACCAGCGGAGGGATCATTATAGAGTTTTCTAAACTCCCAACCCATGTGAACTTACCTTTTGTTGCCTCGGCAGAAGTTATAGGTCTTCTTATAGCTGCTGCCGGTGGACCATTAAACTCTTGTTATTTTATGTAATCTGAGCGTCTTATTTTAATAAGTCAAAACTTTCAACAACGGATCTCTTGGTTCTG,Eukaryota--100--Domain;Fungi--100--Kingdom;Ascomycota--100--Phylum;Sordariomycetes--100--Class;Xylariales--100--Order;Amphisphaeriaceae--100--Family;Pestalotiopsis--99--Genus;Pestalotiopsis_arceuthobii--46--Species,75,0,6,0,0
AAGTCGTAACAAGGTTTCCGTAGGTGAACCTGCGGAAGGATCATTACCTAGAGTTTGTGGGCTTTGCCTGCTATCTCTTACCCATGTCTTTTGAGTACTTACGTTTCCTCGGTGGGTTCGCCCGCCGATTGGACAATTTAAACCCTTTGCAGTTGCAATCAGCGTCTGAAAAACATAATAGTTACAACTTTCAACAACGGATCTCTTGGTTCTG,Eukaryota--100--Domain;Fungi--100--Kingdom;Ascomycota--100--Phylum;unidentified--55--Class;unidentified--55--Order;unidentified--55--Family;unidentified--55--Genus;Ascomycota_sp--55--Species,95.3216374269006,0,6,0,0
AAGTCGTAACAAGGTTTCCGTAGGTGAACCTGCGGAAGGATCATTATCGTAGGGCTTCGGTCCTGTCGAGATAGCGTCCTTGCCTATTTTTTGGAGTACCTTTTCGTTTCCTCGGCAGGCTTGCCTGCCACTGGGGACCCTTTAAACTCTTTGTAAATACAGCATCTGTCTGAATAAACAAACAAAAATCAAAACTTTCAACAATGGATCTCTTGGTTCTG,Eukaryota--100--Domain;Fungi--100--Kingdom;Ascomycota--83--Phylum;Dothideomycetes--37--Class;Pleosporales--32--Order;Phaeosphaeriaceae--13--Family;Sclerostagonospora--13--Genus;Sclerostagonospora_sp--13--Species,62.9464285714286,0,6,0,0
AAGTCGTAACAAGGTTTCCGTAGGTGAACCTGCGGAAGGATCATTATAGTATATCTATATCTAGGATGTGGGGTGCTCTCGGGCCCCCCCGCCGCCAAACCTTGCAAATTTGAACTTAATAGTTACCTTGGTAGGCTTAACTGCCTGTGGATAAATCTAAATTCTTTAATAAACTGGCTGTAATTAATGTAACTGTCTGAAATAATGTTAATATTAAAACTTTCAACAACGGATCTCTTGGTTCTG,Eukaryota--100--Domain;Fungi--100--Kingdom;Ascomycota--100--Phylum;unidentified--100--Class;unidentified--100--Order;unidentified--100--Family;unidentified--100--Genus;Ascomycota_sp--100--Species,94.7115384615385,3,2,0,0
AAGTCGTAACAAGGTTTCCGTAGGTGAACCTGCGGAAGGATCATTACTGAGTGAGGGCCCTCTGGGTCCAACCTCCCACCCGTGTTTATTGTACCTTGTTGCTTCGGTGCGCCCGCCTCACGGCCGCCGGGGGGCTTCTGCCCCCGGGTCCGCGCGCACCGGAGACACCATTGAACTCTGTCTGAAGATTGCAGTCTGAGCATAAACTAAATAAGTTAAAACTTTCAACAACGGATCTCTTGGTTCCG,Eukaryota--100--Domain;Fungi--100--Kingdom;Ascomycota--100--Phylum;Eurotiomycetes--100--Class;Eurotiales--100--Order;Trichocomaceae--100--Family;Penicillium--100--Genus;Penicillium_vanderhammenii--81--Species,79.6,0,5,0,0
AAGTCGTAACAAGGTTTCCGTAGGTGAACCTGCGGAAGGATCATTACAGAGTTCATGCCCTTGCGGGTAGATCTCCCACCCTTGAATATATACCTTTGTTGCTTTGGCGGGCCACGTCCGCGTGTCGGCTTCGGCTGGCTGCGCCCGCCAGAGAACCCAAACTCGTTTTGTTTAGTGATGTCCGAGTACTATATAATAGTTAAAACTTTCAACAACGGATCTCTTGGTTCTG,Eukaryota--100--Domain;Fungi--100--Kingdom;Ascomycota--100--Phylum;Leotiomycetes--93--Class;Helotiales--92--Order;unidentified--90--Family;unidentified--90--Genus;Helotiales_sp--90--Species,94.6808510638298,4,0,0,0
AAGTCGTAACAAGGTTTCCGTAGGTGAACCTGCGGAAGGATCATTAACAAATCATTTGTATGGGAAACCATACATATTTACCCCAAGCCTAGGATGTGCTTCGGCACAACACTGGGCTTTGGTTGGGCTGCGCTCATTCGTGAGGGCGGCTCCGGCATGTATGCTTCGGTGTACTAGCCACATAGACGCTTGTATGTTTGACAGTTTTAGTTGCTTTAAAAATGACAACTTTTAACAATGGATCTCTTGGCTCTT,Eukaryota--100--Domain;Fungi--100--Kingdom;Chytridiomycota--18--Phylum;unidentified--17--Class;unidentified--17--Order;unidentified--17--Family;unidentified--17--Genus;Chytridiomycota_sp--17--Species,52.8089887640449,0,4,0,0
AAGTCGTAACAAGGTTTCCGTAGGTGAACCTGCGGAAGGATCATTAACGAAATATTTCCGACATTCGTGTCGGAATAAATCATCTTACACCTGTGAAAATACGAATCTTTGCTTTGGCTTGGGTGAAAACTCGAGCCAAAAGATCAAAACCTTACAATTTTAACCTGAGTCTGAGAAAGAAAAGAATAAATTATTCAAAACTTTCAGCAACGGATCTCTTGGTTCTC,Eukaryota--100--Domain;Fungi--100--Kingdom;Basidiomycota--43--Phylum;Microbotryomycetes--13--Class;Sporidiobolales--12--Order;Sporidiobolales_fam_Incertae_sedis--12--Family;Sporobolomyces--12--Genus;Sporobolomyces_corallinus--12--Species,53.8135593220339,0,4,0,0
AAGTCGTAACAAGGTTTCCGTAGGTGAACCTGCGGAAGGATCATTAATGGGTTAACGCCTTCGGGCACAATCCCCACCCTTTGTAACCGCGGCCCGGATTCGGCGCCTGGCGGGGAGCCCCCTCTGCTCGCGGAGGGCCCCGCCTGCCGGAATTAGCCAACCCTGCCTAGAAAATTGAAGTCTGAGAACAAGTTAAATTAAACAAAACTTTCAACAACGGATCTCTTGGTTCTG,Eukaryota--100--Domain;Fungi--100--Kingdom;Ascomycota--100--Phylum;Dothideomycetes--100--Class;Venturiales--100--Order;Venturiaceae--100--Family;Venturia--100--Genus;Venturia_sp--100--Species,77.4468085106383,0,4,0,0
AAGTCGTAACAAGGTTTCCGTAGGTGAACCTGCGGAAGGATCATTACAGAGCTTCGAAGCCTGGAGGGTTTACTCTTCAGGCGAGAACTCCACCCTTTGTTTACATTACCTTTGTTGCTTTAGCAGGCCCGCTTTCGGGCCGCCGGCAATAGCTGGTCAGTGCCTGCTAGAGGACCTAAAACTCATGTTAATAAAGTTGTCTGAGTACTATATAATAGTTAAAACTTTCAACAACGGATCTCTTGGTTCTG,Eukaryota--100--Domain;Fungi--100--Kingdom;Ascomycota--90--Phylum;Pezizomycotina_cls_Incertae_sedis--16--Class;Pezizomycotina_ord_Incertae_sedis--16--Order;Pezizomycotina_fam_Incertae_sedis--16--Family;Polyscytalum--16--Genus;Polyscytalum_pustulans--16--Species,72.3320158102767,0,4,0,0
AAGTCGTAACAAGGTTTCCGTAGGTGAACCTGCGGAAGGATCATTAATAGAGTTCGTGCCCTCCCGGGTAGATCTCCCACCCTTGAATACATTACCTTTGTTGCTTTGGCAGGCTGCCTTTTTGGCGTTGGCCTCGGCTAGCTATGCCTGCCAGAGGACCCGAAACTCTTTTATTTAGTGATGTCTGAGTACTATATAATAGTTAAAACTTTCAACAACGGATCTCTTGGTTCTG,Eukaryota--100--Domain;Fungi--100--Kingdom;Ascomycota--99--Phylum;Pezizomycotina_cls_Incertae_sedis--28--Class;Pezizomycotina_ord_Incertae_sedis--28--Order;Pezizomycotina_fam_Incertae_sedis--28--Family;Gyoerffyella--22--Genus;Gyoerffyella_entomobryoides--22--Species,83.9805825242718,3,0,0,0
AAGTCGTAACAAGGTTTCCGTAGGTGAACCTGCGGAAGGATCATTACAAGTGAGGCTACCGAACGTTGGAAACAGCGGTTAGGAGCTTACACCCACCCGTGTTTACATACTATTGTTGCTTTGGCGGGCCGTGGCCTCCACTGCGGGCTCTGCTCGTGTGTGCCCGCCAGAGGACCAAACTCTGAATGTTAGTGATGTCTGAGTACTATCTAATAGTTAAAACTTTCAACAACGGATCTCTTGGTTCTG,Eukaryota--100--Domain;Fungi--100--Kingdom;Ascomycota--100--Phylum;Leotiomycetes--97--Class;Helotiales--94--Order;Vibrisseaceae--89--Family;Vibrissea--89--Genus;Vibrissea_truncorum--89--Species,71.4859437751004,0,3,0,0
AAGTCGTAACAAGGTTTCCGTAGGTGAACCTGCGGAAGGATCATTACTAGAGCAAAGGACAGGCAGCGCCCCACAGAAGCTTGCTTCGTGGCGGGGCTACCCTACTTCGGTAGGGTTTAGAGCCGTCGACCCTCTCGGAGAAGGTCGGTCCTGAACTCCACCCTTGAATAAACTACCTTTGTTGCTTTGGCGGGCCGCCTCGCGCCAGCGGCTTCGGCTGTTGAGTGCCCGCCAGAGGACCACAACTCTTGTTTTTAGTGATGTCTGAGTACTATATAATAGTTAAAACTTTCAACAACGGATCTCTTGGTTCTG,Eukaryota--100--Domain;Fungi--100--Kingdom;Ascomycota--100--Phylum;Pezizomycotina_cls_Incertae_sedis--100--Class;Pezizomycotina_ord_Incertae_sedis--100--Order;Pezizomycotina_fam_Incertae_sedis--100--Family;Polyscytalum--100--Genus;Polyscytalum_pustulans--100--Species,96.2825278810409,0,3,0,0
AAGTCGTAACAAGGTTTCCGTAGGTGAACCTGCGGAAGGATCATTATCACGTAATAATCCGTAAAACCATTGTGAATCGTTTTTAAAAAACACTCGGAGCGAGTCGTCGAGACTAGAACTATAGCGAAGTTAATTCAGCGCCGACCTTGTAATTTGGGGTTGTCGTAGTTCTAGAGGAGACTAACTCTGAGGTGTAAAATCAAATTACTAATTCTAAAACCATTTGAACCCCTTTTAAACTTTTGAACTAACGTTATCATACTCCCGTAAAACGGAGATGATATTCATTACGAAACAAAGAACAACTCTTAGCAACGGATATCTTGGTTCTC,Eukaryota--100--Domain;Fungi--100--Kingdom;Ascomycota--57--Phylum;Lecanoromycetes--10--Class;Lecanoromycetidae_ord_Incertae_sedis--1--Order;Coniocybaceae--1--Family;Sclerophora--1--Genus;Sclerophora_peronella--1--Species,47.3837209302326,0,3,0,0
AAGTCGTAACAAGGTTTCCGTAGGTGAACCTGCGGAAGGATCACTAAAGAATTCGCCCTTCGGGGCTCTCTTTATTCACACACCCCTGTGCACTTTGGCCACCTCTTTGTTGAGGTGTGTCTTTTTAATTACCATACCCTATAAACACAAGTTATTGAATGTAAAATCGTTATAAACTAATATAACTTTCAACAACGGATCTCTTGGTTCTC,Eukaryota--100--Domain;Fungi--100--Kingdom;Basidiomycota--97--Phylum;Tremellomycetes--95--Class;Cystofilobasidiales--94--Order;Cystofilobasidiaceae--94--Family;Cystofilobasidium--94--Genus;Cystofilobasidium_infirmominiatum--94--Species,70.6976744186046,2,0,0,0
AAGTCGTAACAAGGTTTCCGTAGGTGAACCTGCGGAAGGATCATTAATGAATTTCAAGTCGGTTGATTGTGCTGGCAGCAATGCATGTGCACGTTGATCGCAAATCCACACACCTGTGCACCTTTGACTTTGAGATTCGCTAGCTTCACGGCTTGCAGGCGGTTGATTTCAGTTTGAAGTTGACTTGAATCTCGAGGTTTTTTTACACATACTCGTGAATGTCATAGAATGTACTTGTGCTTAATTGCATATTATATATAACTTTCAACAACGGATCTCTTGGATCTC,Eukaryota--100--Domain;Fungi--100--Kingdom;Basidiomycota--72--Phylum;Agaricomycetes--67--Class;Sebacinales--18--Order;Sebacinaceae--12--Family;unidentified--11--Genus;Sebacinaceae_sp--11--Species,69.1489361702128,2,0,0,0
