asv_id,sequence,dada2_tax,S1_its,S2_its
asv_1,AAAAAGTCGTAACAAGGTTTCCGTAGGTGAACCTGCGGAAGGATCATTAGTGAATCTTCAAAGTCGGCTCGTCAGATTGTGCTGGTGGAGACACATGTGCACGTCTACGAGTCGCAAACCCACACACCTGTGCATCTATGACTCTGAGTGCCGCTTTGCATGGCCCCTTGATTTGGGCCTGGCGCTCGAGTACTTTCACACACTCTCGAATGTAATGGAATGTCTTCTTGTGCATAACGTACAAACAGAAACAACTTTCAACAACGGATCTCTTGGCTCTC,Fungi--100--Kingdom;Basidiomycota--100--Phylum;Agaricomycetes--100--Class;Sebacinales--100--Order;unidentified--98--Family;unidentified--98--Genus;Sebacinales_sp--98--Species,436,0
asv_2,AAAAAGTCGTAACAAGGTTTCCGTAGGTGAACCTGCGGAAGGATCATTAGTGAATCTTCAAAGTCGGCTCGTCGGATTGTGCTGGTGGAGACACATGTGCACGTCTACGAGTCGCAAACCCACACACCTGTGCATCTATGACTCTGAGTGCCGCTTTGCATGGCCCCTTGATTTGGGCCTGGCGCTCGAGTACTTTCACACACTCTCGAATGTAATGGAATGTCTTGTTGTGCATAACGTACAAACAGAAACAACTTTCAACAACGGATCTCTTGGCTCTC,Fungi--100--Kingdom;Basidiomycota--100--Phylum;Agaricomycetes--100--Class;Sebacinales--100--Order;unidentified--97--Family;unidentified--97--Genus;Sebacinales_sp--97--Species,405,0
asv_3,AAAAAGTCGTAACAAGGTTTCCGTAGGTGAACCTGCGGAAGGATCATTAGTGAATCTTCAAAGTCGGCTCGTCGGATTGTGCTGGTGGAGACACATGTGCACGTCTACGAGTCGCAAACCCACACACCTGTGCATCTATGACTCTGAGTGCCGCTTTGCATGGCCCCTTGATTTGGGCCTGGCGCTCGAGTACTTTCACACACTCTCGAATGTAATGGAATGACTTGTTGTGCATAACGTACAAACAGAAACAACTTTCAACAACGGATCTCTTGGCTCTC,Fungi--100--Kingdom;Basidiomycota--100--Phylum;Agaricomycetes--100--Class;Sebacinales--100--Order;unidentified--99--Family;unidentified--99--Genus;Sebacinales_sp--99--Species,0,299
asv_4,AAGTCGTAACAAGGTTTCCGTAGGTGAACCTGCGGAAGGATCATTAACGAGTTCAACTGGGGTCTGTGGGGATTCGATGCTGGCCTCCGGGCATGTGCTCGTCCCCCGGACCTCACATCCACTCACAACCCCTGTGCATCATGAGAGGTGTGGTCCTCCGTCATGGGAGCAGCTCCCCTCCGGGCGTGTTTGTACACCCCGGGCGGTCGAGCCGGGACTGCACTTCGACGCCTTTACACAAACCTTTGAATCAGTGATGTAGAATGTCATGGCCAGCGATGGTCGAACTTTAAATACAACTTTCAACAACGGATCTCTTGGCTCTC,Fungi--100--Kingdom;Basidiomycota--62--Phylum;Agaricomycetes--59--Class;Hymenochaetales--21--Order;Repetobasidiaceae--8--Family;Rickenella--8--Genus;Rickenella_sp--8--Species,209,65
asv_5,AAAAAGTCGTAACAAGGTTTCCGTAGGTGAACCTGCGGAAGGATCATTAGTGAATCTTCAAAGTCGGCTCGTCGGATTGTGCTGGTGGAGACACATGTGCACATCTACGAGTCGCAAACCCACACACCTGTGCATCTATGACTCTGAGTGCCGCTTTGCATGGCCCCTTGATTTGGGCCTGGCGCTCGAGTACTTTCACACACTCTCGAATGTAATGGAATGTCTTGTTGTGCATAACGTACAAACAGAAACAACTTTCAACAACGGATCTCTTGGCTCTC,Fungi--100--Kingdom;Basidiomycota--100--Phylum;Agaricomycetes--100--Class;Sebacinales--100--Order;unidentified--96--Family;unidentified--96--Genus;Sebacinales_sp--96--Species,0,200
asv_6,AAGTCGTAACAAGGTTTCCGTAGGTGAACCTGCGGAAGGATCATTAAAAATGAAGCCGGGAAACCGGTCCTTCTAACCCTTGATTATCTTAATTTGTTGCTTTGGTGGGCCGCGCAAGCACCGGCTTCGGCTGGATCGTGCCCGCCAGAGGACCACAACTCTGTATCAAATGTCGTCTGAGTACTATATAATAGTTAAAACTTTCAACAACGGATCTCTTGGTTCTG,Fungi--100--Kingdom;Ascomycota--100--Phylum;Leotiomycetes--98--Class;Helotiales--98--Order;unidentified--86--Family;unidentified--86--Genus;Helotiales_sp--86--Species,16,116
asv_7,AAGTCGTAACAAGGTTTCCGTAGGTGAACCTGCGGAAGGATCATTACTGGGTAAAGGCTTTTCGCCTCCAACCCCACCCTCTGTAACTGCGGCCCGGATTCGGCGCCTGGCGGGAAACCCCTCTGTTCGCGGAGGCTCCTCGCCTGCCGGAATCAGCCAACACTGTCTCAAAAATTGAAGTCTGAGAACAAGTTTAAAACTAAACAAAACTTTCAACAACGGATCTCTTGGTTCTG,Fungi--100--Kingdom;Ascomycota--95--Phylum;Dothideomycetes--78--Class;Venturiales--75--Order;Venturiaceae--75--Family;Venturia--75--Genus;Venturia_sp--75--Species,34,43
asv_8,AAGTCGTAACAAGGTCTCCGTAGGTGAACCTGCGGAGGGATCATTACAGAGAACATCGCCCTCACGGGTGACTCTCCAACCCTATGTTATACAACCTTTGTTGCTTTGGCGAGCCGCCTCGGCCGCTGGCTTCGGCTAGCGAGTGCTCGCCAGAGGACCCCAAACTCTGAATATTTTAATGTCGTCTGAGTACTATATAATAGTTAAAACTTTCAACAACGGATCTCTTGGTTCTG,Fungi--100--Kingdom;Ascomycota--99--Phylum;Leotiomycetes--92--Class;Helotiales--91--Order;Hyaloscyphaceae--21--Family;unidentified--18--Genus;Hyaloscyphaceae_sp--18--Species,19,40
asv_9,AAGTCGTAACAAGGTTTCCGTAGGTGAACCTGCGGAAGGATCATTAACGAGTTCAGTCCCGGGATTGATGCTGGCGGCCCCTCTCGGGGAGGCATGTGCTCGTCCTGTGGGCCATCCACACTCACCAACCCCCTTTGTGCACCATGAGAGGTGTGGGTCCCCCTTAACCCCGGGGATCAACACTTCGAACGCATATACACACACTTCTATTCAGTTCTGTAGAATGTAATGACCGGGTAGCCGGTCGAACCTAAATACAACTTTCAACAACGGATCTCTTGGCTCTC,Fungi--100--Kingdom;Ascomycota--39--Phylum;Lecanoromycetes--32--Class;Teloschistales--26--Order;Physciaceae--26--Family;Phaeophyscia--25--Genus;Phaeophyscia_ciliata--22--Species,47,0
asv_10,AAGTCGTAACAAGGTCTCCGTTGGTGAACCAGCGGAGGGATCATTACCGGGTCTAGCGACTGCCCGAACCACTACACTGTGCACTATTCCAAAACAAATTTCTACGCTGCGGCGGGCCGCTCGCTGGAGGGGCCCCGGGCCGAAAGGCTGGCCTGCCAAAGCAACCCTTAAAATATTTTGAAGCACTTCTGAGAGGCGCCGATAGCCTTTTTATCAAAGGTGATCACAACCCACAACAATGGATCTCTTGGCTCTG,Fungi--100--Kingdom;Ascomycota--59--Phylum;Eurotiomycetes--20--Class;Eurotiales--12--Order;Trichocomaceae--8--Family;Chromocleista--5--Genus;Chromocleista_sp--5--Species,0,43
asv_11,AAGTCGTAACAAGGTTTCCGTAGGTGAACCTGCGGAAGGATCATTAATGAAAACTTCAGGAGTTGCTGCTGGCCTCTCGAGGCACTTGTGCACGCTCCGTTTTTCATCCACCCACACCTGTGCACAATCCATTTTTTGAGAGGGAAAACGGGACTTCTTCGGAATTGTCCCTCTTTTCCTCCAAAAAATCAATCACACACTCTACGCAATCGTCAGAACGAACTTGTTTTTTTGTAAACAAACTTAACAACTTTCAACAACGGATCTCTTGGCTCTC,Fungi--100--Kingdom;Basidiomycota--60--Phylum;Agaricomycetes--49--Class;Agaricales--42--Order;Entolomataceae--5--Family;Entoloma--5--Genus;Entoloma_shandongense--3--Species,0,41
asv_12,AAGTCGTAACAAGGTCTCCGTAGGTGAACCTGCGGAGGGATCATTAACGAATGGCCTTAGGCCTTCAACCTTGTAAACCTGTGGAAGCAAAACGTGCTTTGGCGCTTTCGGGCGCCAACTTTATGCTTAGATCAGTCTTGATGTCTGAATCAAAAACAAGAAATAAAACTTTCAACAAAGGATCTCTTGGCTCTC,Fungi--100--Kingdom;Ascomycota--75--Phylum;Archaeorhizomycetes--40--Class;Archaeorhizomycetales--40--Order;Archaeorhizomycetaceae--40--Family;Archaeorhizomyces--40--Genus;Archaeorhizomyces_sp--40--Species,0,40
asv_13,AAGTCGTAACAAGGTTTCCGTAGGTGAACCTGCGGAAGGATCATTAATGAAAACTTCAGGAGTTGCTGCTGGCCTCTCGAGGCACTCGTGCACGCTCCGTTTTTCATCCACCCACACCTGTGCACAATCCTTTTTTGAGAGGGAAAATGGGATTTCTTCGGAATGTCCCTCTTTTCCTCCAAAAAATCAATCACACACTCTACGCAATCGTCAGAACGAACTTGTTTTTTTGTAAACAAACTTAACAACTTTCAACAACGGATCTCTTGGCTCTC,Fungi--100--Kingdom;Basidiomycota--71--Phylum;Agaricomycetes--53--Class;Agaricales--36--Order;Entolomataceae--7--Family;Entoloma--7--Genus;Entoloma_shandongense--4--Species,0,40
asv_14,AAGTCGTAACAAGGTTTCCGTAGGTGAACCTGCGGAAGGATCATTATCGAGTTTGTGGGGGGTGGATTGATGCTGGCCGCACTTGTGTGGCATGTGCTCGTCTCCCTCTTCGTCCCACTCTCAACCCCATGTGCACCGTGAGGGGTGTTGGTCCCGCCAGTCGGGACGGACGCCTCGAACCCCCCTACACACACAAACCAGTATGAACCGAATGTAATAATTTGATAAATCATTACAACTTTCAACAACGGATCTCTTGGCTCTC,Fungi--100--Kingdom;Basidiomycota--58--Phylum;Agaricomycetes--39--Class;Agaricales--24--Order;Tricholomataceae--17--Family;Cantharellopsis--10--Genus;Cantharellopsis_prescotii--10--Species,30,0
asv_15,AAGTCGTAACAAGGTTTCCGTAGGTGAACCTGCGGAAGGATCATTAACGAGTTCAGTCCCGGGATTGATGCTGGCGGCCCCTCTCGGGGAGGCATGTGCTCGTCCTGTGGGCCATCCACACTCACAACCCCTTTGTGCACCATGAGAGGTGTGGGTCCTCCCTTAACCCGGGGGGGATCAACACTTCGAACGCATATACACACACTTCTATTCAGTTCTGTAGAATGTAATGACCGGGTAGCCGGTCGAACCTATATACAACTTTCAACAACGGATCTCTTGGCTCTC,Fungi--100--Kingdom;Ascomycota--49--Phylum;Lecanoromycetes--38--Class;Teloschistales--33--Order;Physciaceae--33--Family;Phaeophyscia--33--Genus;Phaeophyscia_ciliata--27--Species,0,26
asv_16,AAGTCGTAACAAGGTTTCCGTAGGTGAACCTGCGGAAGGATCATTAAAGAATCGCCCCGTTTTTCGAAATGGGTTCTATTCCCAAACCGTGTATACATACCTTTGTTGCTTTGGCAGGCCGCCTTCTAGGCGTCGGCTTCGGCGGACTGCGCCTGCCAGAAGACCCAAACTCGTTTGTTTAGTGATGTCTGAGTACTATATAATAGTTAAAACTTTCAACAACGGATCTCTTGGTTCTG,Fungi--100--Kingdom;Ascomycota--100--Phylum;Leotiomycetes--100--Class;Leotiomycetes_ord_Incertae_sedis--30--Order;Leotiomycetes_fam_Incertae_sedis--30--Family;Meliniomyces--30--Genus;Meliniomyces_vraolstadiae--30--Species,11,14
asv_17,AAGTCGTAACAAGGTTTCCGTAGGTGAACCTGCGGAAGGATCATTAGTGAATCTTCAAAGTCGGCTCGTCGGATTGTGCTGGTGGAGACACATGTGCACGTCTGCGAGTCGCAAACCCACACACCTGTGCATCTATGACTCTGAGTGCCGCTTTGTGTGGCCCTTGATTGGGCCTGGTGCTCGAGTACTTTCACACACTCTCGAATGTAATGGAATGTCTTGTTGTGCATAAATGTACAAACAGAAACAACTTTCAACAACGGATCTCTTGGCTCTC,Fungi--100--Kingdom;Basidiomycota--99--Phylum;Agaricomycetes--99--Class;Sebacinales--99--Order;unidentified--98--Family;unidentified--98--Genus;Sebacinales_sp--98--Species,24,0
asv_18,AAGTCGTAACAAGGTTTCCGTAGGTGAACCTGCGGAAGGATCATTATTGAAAAAGACAAGACGCCCCGTTTTTTCGTAAAATGGGTTCAATACCCACAACCGTGTATACCTTACCTTTGTTGCTTTGGCAGGCCGCCTCCGGGCGTTGGCTTCGGCTGACAGCGCCTGCCAGAGGACCCAAACTCTGTGTTTAGTGATGTCTGAGTAATATATAATATTTTAAAACTTTCAACAACGGATCTCTTGGTTCTG,Fungi--100--Kingdom;Ascomycota--100--Phylum;Leotiomycetes--88--Class;Helotiales--69--Order;Hyaloscyphaceae--55--Family;Pseudaegerita--37--Genus;Pseudaegerita_corticalis--37--Species,22,0
asv_19,AAGTCGTAACAAGGTTTCCGTAGGTGAACCTGCGGAAGGATCATTAGTGAATCTTCAAAAGTCGGCTCGTCGGATTGTGCTGGTGGAGACACATGTGCACGTCTTGCGAGTCGCAAACCCACACACCTGTGCATCTATGACTCTGAGTGCCACTTTGCATGGCCTTGACCGGCCTGGCGCTCGAGTACTTTTCACACACTCGAATGTAATGGAATGTCTTGTTGTGCGTAATGTACAAACTGAAACAACTTTCAACAACGGATCTCTTGGCTCTC,Fungi--100--Kingdom;Basidiomycota--100--Phylum;Agaricomycetes--100--Class;Sebacinales--100--Order;unidentified--95--Family;unidentified--95--Genus;Sebacinales_sp--95--Species,20,0
asv_20,AAGTCGTAACAAGGTCTCCGTTGGTGAACCAGCGGAGGGATCATTACAGAGTTCTAAAAGACTCCCAAACCATTGTGAACATACCCGTCAGCGTTGCTTCGGCGGGCGTCCCCTCCCTGGGGACGCTGCCCTTCGGGGTGCCCGCCGGTGCTTACGAAACTCTTTTGTATTTTAGTGGCCTCTCTGAGAAAACAAACAAATAAGTTAAAACTTTCAACAACGGATCTCTTGGTTCTG,Fungi--100--Kingdom;Ascomycota--97--Phylum;Sordariomycetes--75--Class;Sordariales--29--Order;Chaetomiaceae--21--Family;Humicola--21--Genus;Humicola_sp--21--Species,0,18
asv_21,AAGTCGTAACAAGGTTTCCGTAGGTGAACCTGCGGAAGGATCATTAAAGAATGCCCCGTTTTTTGAAACGGGTTCTATTCCCAAACCGTGTATACATACCTTTGTTGCTTTGGCAGGCCGCCTTCGGGCGTTGGCTCACGCTGACCGCGCCTGCCAGAGGACCCAAACTCGTTTGTTTAGTGATGTCTGAGTACTATATAATAGTTAAAACTTTCAACAACGGATCTCTTGGTTCTG,Fungi--100--Kingdom;Ascomycota--100--Phylum;Leotiomycetes--100--Class;Helotiales--61--Order;Helotiaceae--43--Family;unidentified--43--Genus;Helotiaceae_sp--43--Species,13,0
asv_22,AAGTCGTAACAAGGTCTCCGTAGGTGAACCTGCGGAGGGATCATTACAGAGAACATCGCCCTCACGGGTGACTCTCCAACCCTTATGTTATTAAAACCTTTGTTGCTTTGGCGAGCCGCTTCGGCCACCGGCGTCTTGCTGGTGTGCGCTCGCCAGAGGACCCCAAACTCTTGTTTATTAATGTCGTCTGAGTACTATATAATAGTTAAAACTTTCAACAACGGATCTCTTGGTTCTG,Fungi--100--Kingdom;Ascomycota--96--Phylum;Leotiomycetes--85--Class;Helotiales--82--Order;Sclerotiniaceae--19--Family;Monilinia--19--Genus;Monilinia_sp--19--Species,0,12
asv_23,AAGTCGTAACAAGGTTTCCGTAGGTGAACCTGCGGAAGGATCATTAATGAAATACAAGTCGGCGGATTGTGCTGGCGCGCAAGCGTATGTGCACGTCTGTTGCAAATCCACACACCTGTGCACCTTAGACTCTGAGTGAGCTTTCGTAATCGATTGCACCTCGGAGTATTTTACACACGCTGAATGTAAAAGGATGTTGTAGTGCCTAGCACAAAAAAACTTACAACTTTCAACAACGGATCTCTTGGCTCTC,Fungi--100--Kingdom;Basidiomycota--61--Phylum;Agaricomycetes--55--Class;Agaricales--29--Order;Physalacriaceae--9--Family;Armillaria--8--Genus;Armillaria_ectypa--8--Species,0,12
asv_24,AAGTCGTAACAAGGTTTCCGTAGGTGAACCTGCGGAAGGATCATTAACAGTAACATGGTTATGCTTCTAGCATAGACTGAATGAAACCCACCCTGAGTACCTTTGCCTGTTGCTTCCGTAGGGCATGACATCTGTCACTCTTGAGCTTAAAAACCTCAAGGGAGTCCTTACGGGAGGTATACTATTGAAACTCTTGCACTTCAATGTCTTCTGTCTGAACTTGTTTACAGCAAACATTAAAACTTTCAACAACGGATCTCTTGGTTCTC,Fungi--100--Kingdom;Ascomycota--100--Phylum;Pezizomycetes--100--Class;Pezizales--100--Order;Pyronemataceae--100--Family;unidentified--100--Genus;Pyronemataceae_sp--100--Species,0,11
asv_25,AAGTCGTAACAAGGTTTCCGTAGGTGAACCTGCGGAAGGATCATTAGTGATTGCCCTAGTGGCTTAAAACTATATCCATTTACACCTGTGAACCGTTTGATTGACACTCTGTGTTGATTTTACAAACAATATGTAAAGAAAGTCAAGTTATTATAACAAAAAATAACTTTCAACAACGGATCTCTTGGCTCTC,Fungi--100--Kingdom;Basidiomycota--80--Phylum;Tremellomycetes--60--Class;Trichosporonales--54--Order;Trichosporonaceae--54--Family;Trichosporon--54--Genus;Trichosporon_vadense--29--Species,0,9
asv_26,AAGTCGTAACAAGGTTTCCGTAGGTGAACCTGCGGAAGGATCATTAACAGTAACATGGTTATGCTTCTAGCATAGACTGAATGAAACCCACTCTGAGTACCTCTGCCTGTTGCTTCCGTAGGGCATGACATCCGTCACTCTTGACTTTAATATTCTCAAGGGAGTCCTTACGGGAGGTATACTATTGAAACTCTTGCACTTCAATGTCTTCTGTCTGAAACTGTTTACAGCAAACATTAAAACTTTCAACAACGGATCTCTTGGTTCTC,Fungi--100--Kingdom;Ascomycota--100--Phylum;Pezizomycetes--100--Class;Pezizales--100--Order;Pyronemataceae--100--Family;unidentified--100--Genus;Pyronemataceae_sp--100--Species,7,0
asv_27,AAGTCGTAACAAGGTTTCCGTAGGTGAACCTGCGGAAGGATCATTAGTGATTGCCCTAGTGGCTTAAAACTATATCCATTTACACCTGTGAACCGTTTGATTGACACTCTGTGTTGATTTTACAAACAATATGTAAAGAAAGTCAAGTTATAATAACAAAAAATAACTTTCAACAACGGATCTCTTGGCTCTC,Fungi--100--Kingdom;Basidiomycota--75--Phylum;Tremellomycetes--51--Class;Trichosporonales--49--Order;Trichosporonaceae--49--Family;Trichosporon--49--Genus;Trichosporon_vadense--29--Species,7,0
asv_28,AAGTCGTAACAAGGTTTCCGTAGGTGAACCTGCGGAAGGATCATTAACAAATCTTTAACCGTTCTGAACATGCTGGCGCAAGCCAGCATGCCAGAATCATCGCCCCGGGCGCGAGCCCGTGACACATTGCACCGACTGACTGACTGATCAATAACTTAAACAAACTTTTAACAACGGATCTCTAGGCTCCC,Fungi--100--Kingdom;Ascomycota--63--Phylum;Lecanoromycetes--34--Class;Teloschistales--30--Order;Physciaceae--30--Family;Phaeophyscia--30--Genus;Phaeophyscia_ciliata--23--Species,0,7
asv_29,AAGTCGTAACAAGGTTTCCGTAGGTGAACCTGCGGAAGGATCATTAACGAATTACAAAGTCGGCCTTGCTGTTGCTGGTGGAAACACATGTGCACGCTCGGTTGCAAATCCACACACCTGTGCATCTATGACTCGAGGTTGTTGTCGTATGACCGAGAGTAACTTTTACACACTCTTGAATGTAATGGAATGTCTACTGTGCATAATGTACAATTAAACAACTTTCAACAACGGATCTCTTGGCTCTC,Fungi--100--Kingdom;Basidiomycota--88--Phylum;Agaricomycetes--87--Class;Sebacinales--75--Order;unidentified--75--Family;unidentified--75--Genus;Sebacinales_sp--75--Species,6,0
asv_30,AAGTCGTAACAAGGTTTCCGTAGGTGAACCTGCGGAAGGATCATTCATAATCAAGTGTTTTTATGGCACTTTCAAAAATCCATATCCACCTTGTGTGCAATGTCATCTCACTGGAGGTCAACGGCTGTAAAAATCCGTTTGGTCACCTTTGGGATTTATATCTACTCAGAACTTTAGTGATTTTGTCTGAAACATATTATGAATACTTAATTCAAAATACAACTTTCAACAACGGATCTCTTGGCTCTC,Fungi--100--Kingdom;Zygomycota--91--Phylum;Mortierellomycotina_cls_Incertae_sedis--90--Class;Mortierellales--90--Order;Mortierellaceae--88--Family;Mortierella--88--Genus;Mortierella_acrotona--66--Species,2,4
asv_31,AAGTCGTAACAAGGTCTCCGTAGGTGAACCTGCGGAGGGATCATTACTGAATGGCCCCTCGGGGCCTTCAACCCTTCAAACCTGTGGAAGCAAACTCCGTGCTTCGGCGCCGCGTGCGTCGCTTTTATGCAGAAGGCTTTGCGTCTGAATCATAAACAAGAATTAAAACTTTCAACAAAGGATCTCTTGGCTCTC,Fungi--100--Kingdom;Ascomycota--89--Phylum;Archaeorhizomycetes--55--Class;Archaeorhizomycetales--55--Order;Archaeorhizomycetaceae--55--Family;Archaeorhizomyces--55--Genus;Archaeorhizomyces_sp--55--Species,5,0
asv_32,AAGTCGTAACAAGGTTTCCGTAGGTGAACCTGCGGAAGGATCATTCATAATAAAGTGTTTTATGGCACTTTTTAAAAAAAATCCATATCCACCTTGTGTGCAATGTATTTTAGATCTCGCCAAATTATTTTTTGATAATTTGGCAAGGTTTTATTATATTACATCAACTCTTTTTTAATATGATTTGTCTGAAAAATATTATGAATTGTCAACTTAATTCAAAATACAACTTTCAACAACGGATCTCTTGGCTCTC,Fungi--100--Kingdom;Zygomycota--91--Phylum;Mortierellomycotina_cls_Incertae_sedis--89--Class;Mortierellales--89--Order;Mortierellaceae--87--Family;Mortierella--87--Genus;Mortierella_sp--48--Species,0,5
asv_33,AAGTCGTAACAAGGTCTCCGTTGGTGAACCAGCGGAGGGATCATTATAGAGTTTTCTAAACTCCCAACCCATGTGAACTTACCTTTTGTTGCCTCGGCAGAAGTTATAGGTCTTCTTATAGCTGCTGCCGGTGGACCATTAAACTCTTGTTATTTTATGTAATCTGAGCGTCTTATTTTAATAAGTCAAAACTTTCAACAACGGATCTCTTGGTTCTG,Fungi--100--Kingdom;Ascomycota--100--Phylum;Sordariomycetes--100--Class;Xylariales--100--Order;Amphisphaeriaceae--100--Family;Pestalotiopsis--100--Genus;Pestalotiopsis_sp--89--Species,0,4
asv_34,AAGTCGTAACAAGGTTTCCGTAGGTGAACCTGCGGAAGGATCATTACAAGTGAGGCTACCGAACGTTGGAAACAGCGGTTAGGAGCTTACACCCACCCGTGTTTACATACTATTGTTGCTTTGGCGGGCCGTGGCCTCCACTGCGGGCTCTGCTCGTGTGTGCCCGCCAGAGGACCAAACTCTGAATGTTAGTGATGTCTGAGTACTATCTAATAGTTAAAACTTTCAACAACGGATCTCTTGGTTCTG,Fungi--100--Kingdom;Ascomycota--100--Phylum;Leotiomycetes--93--Class;Helotiales--90--Order;Vibrisseaceae--85--Family;Vibrissea--85--Genus;Vibrissea_truncorum--85--Species,0,4
asv_35,AAGTCGTAACAAGGTTTCCGTAGGTGAACCTGCGGAAGGATCATTAATGAATATAGGACGTTTGCTCGTAAAACAGCAAGGTCCGACCTCCATTTTCTTACACTGTGCATTTATTGGCGAGATTATTGAAGAAGCTTGCTTTTTCGATCGTCTTGCGGCTCATTTATTAACACCAGTCAAAGTATGTAACGAAATATCGAAATAAAATAAAACTTTCAACAACGGATCTCTTGGCTCTC,Fungi--100--Kingdom;Basidiomycota--69--Phylum;Microbotryomycetes--36--Class;unidentified--28--Order;unidentified--28--Family;unidentified--28--Genus;Microbotryomycetes_sp--28--Species,0,4
asv_36,AAGTCGTAACAAGGTTTCCGTAGGTGAACCTGCGGAAGGATCATTACTGAGTGAGGGCCCTCTGGGTCCAACCTCCCACCCGTGTTTATTGTACCTTGTTGCTTCGGTGCGCCCGCCTCACGGCCGCCGGGGGGCTTCTGCCCCCGGGTCCGCGCGCACCGGAGACACCATTGAACTCTGTCTGAAGATTGCAGTCTGAGCATAAACTAAATAAGTTAAAACTTTCAACAACGGATCTCTTGGTTCCG,Fungi--100--Kingdom;Ascomycota--100--Phylum;Eurotiomycetes--100--Class;Eurotiales--100--Order;Trichocomaceae--100--Family;Penicillium--100--Genus;Penicillium_vanderhammenii--86--Species,0,3
asv_37,AAGTCGTAACAAGGTTTCCGTAGGTGAACCTGCGGAAGGATCATTACCTAGAGTTTGTGGGCTTTGCCTGCTATCTCTTACCCATGTCTTTTGAGTACTTACGTTTCCTCGGTGGGTTCGCCCGCCGATTGGACAATTTAAACCCTTTGCAGTTGCAATCAGCGTCTGAAAAACATAATAGTTACAACTTTCAACAACGGATCTCTTGGTTCTG,Fungi--100--Kingdom;Ascomycota--100--Phylum;Dothideomycetes--100--Class;Pleosporales--100--Order;Pleosporales_fam_Incertae_sedis--100--Family;unidentified--97--Genus;Pleosporales_fam_Incertae_sedis_sp--97--Species,0,3
asv_38,AAGTCGTAACAAGGTTTCCGTAGGTGAACCTGCGGAAGGATCATTACAAATCTTTGGGGTCTGGCTGCCGTGCAAACGGTGTGCTGACTCACATTAGCACAAGGTCGCAAGGCCTTGATGTTTACGCTTGTTTGTTTGACAGAGTTAGTTGAGAATAATAAAGACAACTTTTAACAATGGATCTCTTGGCTCTT,Fungi--100--Kingdom;Ascomycota--36--Phylum;Lecanoromycetes--17--Class;Teloschistales--14--Order;Physciaceae--14--Family;Phaeophyscia--14--Genus;Phaeophyscia_ciliata--11--Species,2,0
