Genus,Number of sequences
Abortiporus,1
Abrothallus,3
Absconditella,1
Absidia,20
Abundisporus,3
Acantholichen,1
Acanthophysellum,1
Acanthostigma,2
Acaromyces,1
Acarospora,22
Acarosporaceae,2
Acaulospora,48
Acaulosporaceae,18
Acephala,3
Aciculosporium,1
Acicuseptoria,1
Acidea,1
Acidomelania,1
Acidomyces,2
Acremonium,49
Acrocalymma,1
Acrocordiella,1
Acrodictys,2
Acrodontium,1
Acrophialophora,1
Acrostalagmus,2
Actinomucor,2
Adisciso,3
Aecidium,3
Afroboletus,1
Agaricaceae,60
Agaricales,359
Agaricomycetes,132
Agaricostilbomycetes,1
Agaricostilbum,1
Agaricus,92
Agonimia,3
Agrocybe,8
Ahtiana,1
Ajellomyces,2
Ajellomycetaceae,1
Akanthomyces,1
Alanphillipsia,4
Alatospora,5
Albatrellaceae,4
Albatrellus,7
Albertiniella,1
Alboleptonia,2
Albomagister,4
Albotricha,5
Alectoria,1
Alessioporus,1
Aleuria,1
Aleurina,1
Aliquandostipite,1
Allocetraria,3
Alloclavaria,1
Alloconiothyrium,1
Allomyces,1
Allophoma,1
Alnicola,2
Alpakesa,1
Alphamyces,2
Alpova,2
Alternaria,34
Alternariaster,3
Alutaceodontia,1
Alysidiella,1
Amandinea,2
Amanita,210
Amanitaceae,5
Amauroascus,4
Amauroderma,13
Amaurodon,6
Ambarignomonia,1
Ambispora,17
Ambisporaceae,3
Ambrosiella,2
Amorphotheca,1
Ampelomyces,8
Amphinema,14
Amphiporthe,2
Amphisphaeriaceae,9
Amphobotrys,2
Ampulloclitocybe,1
Amundsenia,1
Amylocorticiales,1
Amylocorticiellum,1
Amylocorticium,2
Amylocystis,1
Amyloporia,5
Amylosporus,3
Amylostereum,5
Anaeromyces,8
Anamika,2
Anaptychia,12
Anguillospora,4
Angulomyces,1
Animalia,2
Annulohypoxylon,31
Anomalomyces,1
Anomoloma,4
Antarctomyces,1
Antherospora,6
Anthostoma,2
Anthostomella,2
Anthracocystis,10
Anthracoidea,1
Anthracophyllum,2
Antrodia,40
Antrodiella,6
Anzia,7
Aphanoascus,3
Aphanobasidium,2
Apiognomonia,2
Apioplagiostoma,1
Apiosordaria,1
Apiosporaceae,3
Apiosporina,1
Aplosporella,5
Apodospora,1
Apodus,1
Apoharknessia,1
Apophysomyces,4
Aporospora,2
Aporpium,2
Aquamyces,2
Aquanectria,2
Aquasubmersa,1
Arachnion,1
Arachnomyces,1
Arachnopeziza,5
Arbusculina,1
Arcangeliella,1
Archaeorhizomyces,68
Archaeorhizomycetales,1
Archaeorhizomycetes,2
Archaeospora,3
Archaeosporaceae,12
Archaeosporales,15
Arctocetraria,1
Arctoparmelia,1
Armillaria,29
Arnium,2
Arrhenia,7
Arthonia,1
Arthoniales,1
Arthopyrenia,1
Arthrinium,24
Arthrobotrys,19
Arthrocatena,1
Arthrocladiella,1
Arthroderma,18
Arthrodermataceae,4
Arthrographis,6
Arthromyces,1
Arthropsis,1
Articulospora,6
Artomyces,12
Asahinea,1
Aschersonia,4
Ascobolaceae,1
Ascobolus,6
Ascobotryozyma,1
Ascochyta,3
Ascocoryne,1
Ascomycota,471
Ascorhizoctonia,2
Ascosphaera,7
Ascotaiwania,1
Ascothailandia,1
Ascotricha,1
Aspergillus,139
Asperisporium,1
Asperopilum,1
Aspicilia,18
Asterodon,1
Asteromella,1
Asterophora,2
Asterostroma,7
Astraeus,13
Astrocystis,4
Astrosporina,1
Athallia,7
Athelia,10
Atheliaceae,28
Atheliales,12
Athelopsis,2
Atla,4
Atractiellales,5
Atractiellomycetes,1
Atractospora,1
Atractosporocybe,1
Aurantioporthe,1
Aurantiosacculus,1
Aurantiporus,1
Aurapex,1
Aureobasidium,13
Aureoboletus,6
Auricularia,21
Auriculariales,26
Auriculariopsis,1
Auriculibuller,1
Aurifilum,1
Auriporia,2
Auriscalpium,3
Auritella,4
Australiasca,2
Australovuilleminia,1
Austroafricana,1
Austroblastenia,1
Austroboletus,8
Austrogautieria,1
Austrolecia,2
Austroparmelina,1
Austropaxillus,4
Austroplaca,6
Austroroccella,1
Auxarthron,10
Avachytrium,2
Bacidia,6
Bacidina,2
Backusella,8
Bactrodesmiastrum,1
Baeomyces,1
Baeospora,2
Bagadiella,1
Bagliettoa,6
Balansia,3
Ballistosporomyces,1
Balsamia,4
Bambusaria,1
Bandoniozyma,5
Bankera,1
Bannoa,2
Barbatosphaeria,3
Barnettozyma,3
Barriopsis,3
Barssia,1
Bartalinia,1
Basidioascus,2
Basidiobolus,4
Basidiodendron,3
Basidiomycota,46
Batcheloromyces,2
Batistopsora,1
Batrachochytrium,11
Battarrea,5
Baudoinia,3
Beauveria,25
Bellemerea,1
Beltraniella,3
Benjaminiella,3
Bensingtonia,12
Berkleasmium,1
Biappendiculispora,1
Biatora,13
Biatoropsis,5
Bifusella,2
Bilimbia,2
Bionectria,2
Bionectriaceae,7
Bipolaris,18
Biscogniauxia,15
Bisifusarium,3
Bisporella,1
Bjerkandera,8
Blakeslea,2
Blastenia,2
Blastobotrys,9
Blastocladiella,2
Blastomyces,1
Blumeria,7
Boeremia,1
Bolbitiaceae,7
Bolbitius,7
Boletaceae,65
Boletales,29
Boletellus,2
Boletinellus,2
Boletinus,1
Boletopsis,5
Boletus,58
Boliniaceae,1
Bondarzewia,4
Boothiomyces,1
Boreoplaca,1
Borofutus,1
Bothia,1
Botryobambusa,1
Botryobasidiaceae,1
Botryobasidium,9
Botryodiplodia,1
Botryodontia,1
Botryolepraria,1
Botryosphaeria,10
Botryosphaeriaceae,5
Botryosphaeriales,5
Botryozyma,3
Botrytis,2
Bovista,8
Brachyphoris,2
Bradymyces,2
Brevicellicium,5
Brianaria,1
Bridgeoporus,1
Brigantiaea,1
Brodoa,1
Brownliella,2
Brunneosphaerella,1
Bryochiton,4
Bryoglossum,1
Bryoria,19
Buchwaldoboletus,2
Buckleyzyma,2
Buellia,10
Buergenerula,1
Buglossoporus,1
Bulbothrix,6
Bulgaria,1
Bulgariaceae,1
Bullera,13
Bulleribasidium,1
Bulleromyces,1
Burgella,1
Butyriboletus,11
Byssochlamys,2
Byssocorticium,8
Byssolomataceae,1
Byssomerulius,2
Byssonectria,1
Byssoporia,1
Cabalodontia,1
Cadophora,11
Caecomyces,1
Cairneyella,1
Calcarisporiella,2
Calcarisporium,1
Caliciopsis,1
Calicium,12
Callistosporium,2
Calloria,1
Caloboletus,1
Calocera,1
Calocybe,2
Calocybella,1
Calogaya,7
Calonectria,30
Calongea,1
Calophoma,2
Caloplaca,84
Calosphaeria,2
Calostoma,9
Calvatia,8
Calvitimela,9
Calycina,2
Calyptella,1
Camarophyllopsis,5
Camarophyllus,1
Camarops,1
Camarosporium,2
Camarosporula,1
Camillea,3
Campanella,1
Campanophyllum,1
Camptophora,1
Campylocarpon,3
Campylospora,5
Canalisporium,3
Candelabrochaete,1
Candelaria,4
Candelariaceae,2
Candelariella,12
Candida,209
Canomaculina,2
Canoparmelia,5
Cantharellaceae,2
Cantharellales,42
Cantharellopsis,1
Cantharellula,1
Cantharellus,9
Capnobotryella,6
Capnodiales,67
Capnodium,2
Capronia,14
Carbonea,2
Carbonicola,2
Carestiella,1
Caryophylloseptoria,4
Castanediella,2
Catapyrenium,5
Catathelasma,2
Catenariaceae,1
Catenarina,2
Catenulostroma,3
Catolechia,1
Cazia,1
Celerioriella,1
Celoporthe,2
Cenangium,2
Cenococcum,16
Cephaliophora,1
Cephalosporium,4
Cephalotheca,2
Cephalothecaceae,3
Ceraceomyces,4
Ceramothyrium,2
Ceratobasidiaceae,116
Ceratobasidium,62
Ceratocystidaceae,7
Ceratocystiopsis,9
Ceratocystis,40
Ceratorhiza,3
Cercopemyces,2
Cercophora,3
Cercospora,9
Cercosporidium,1
Cercozoa,6
Cerinosterus,1
Ceriporia,19
Ceriporiopsis,13
Cerothallia,2
Cetraria,10
Cetrariella,4
Cetraspora,5
Cetrelia,6
Cetreliopsis,1
Chaenotheca,12
Chaenothecopsis,5
Chaetocalathus,6
Chaetocladium,2
Chaetodermella,1
Chaetomella,2
Chaetomiaceae,16
Chaetomidium,1
Chaetomium,34
Chaetopsina,2
Chaetospermum,3
Chaetosphaeria,13
Chaetosphaeriaceae,6
Chaetosphaeriales,5
Chaetosphaeronema,2
Chaetothyriaceae,3
Chaetothyriales,110
Chalara,15
Chalastospora,1
Chalciporus,4
Chamaeleomyces,1
Chamaemyces,2
Chamonixia,2
Charcotiana,1
Cheilymenia,2
Cheimonophyllum,1
Chionosphaera,2
Chionosphaeraceae,1
Chlamydopus,1
Chlamydotubeufia,2
Chlorencoelia,2
Chloridium,4
Chlorociboria,14
Chlorophyllum,9
Chlorovibrissea,1
Choanephora,2
Choiromyces,5
Chorioactis,1
Chromelosporium,2
Chromocleista,1
Chromosera,1
Chroogomphus,10
Chrysomphalina,3
Chrysomyxa,10
Chrysoporthe,1
Chrysosporium,16
Chrysozyma,1
Chrysozymaceae,1
Chytridiaceae,1
Chytridiales,1
Chytridiomycetes,7
Chytridiomycota,23
Chytridium,1
Chytriomyces,3
Ciboria,5
Ciborinia,2
Ciliophora,1
Cinereomyces,1
Circinaria,19
Circinella,7
Cistella,10
Citeromyces,1
Cladia,16
Cladobotryum,12
Cladochasiella,1
Cladochytrium,1
Cladonia,104
Cladoniaceae,1
Cladophialophora,61
Cladoriella,1
Cladorrhinum,6
Cladosporium,17
Clarkeinda,1
Claroideoglomeraceae,6
Claroideoglomus,37
Clathrosporium,2
Clathrus,2
Claussenomyces,2
Clavaria,25
Clavariaceae,29
Clavariadelphus,8
Clavariopsis,1
Clavatospora,1
Claviceps,16
Clavicipitaceae,12
Claviradulomyces,1
Clavispora,5
Clavulicium,1
Clavulina,83
Clavulinaceae,33
Clavulinopsis,6
Cleistocybe,2
Climacocystis,1
Climacodon,1
Cliostomum,1
Clitocella,1
Clitocybe,24
Clitocybula,7
Clitopilus,15
Clonostachys,9
Clydaea,1
Clypeosphaeria,2
Coccidioides,1
Coccinonectria,2
Coccocarpia,10
Coccomyces,9
Cochliobolus,1
Coelopogon,1
Coemansia,3
Cokeromyces,1
Colacogloea,4
Coleosporium,1
Collemataceae,1
Collembolispora,1
Colletogloeum,2
Colletotrichum,134
Collophora,6
Collybia,3
Colpoma,4
Coltricia,7
Coltriciella,2
Combea,2
Comoclathris,2
Coniella,1
Coniocessia,1
Coniochaeta,24
Coniochaetaceae,12
Coniochaetales,13
Coniolariella,3
Coniolepiota,1
Coniophora,8
Coniosporium,8
Coniothyrium,10
Conlarium,1
Connopus,1
Conocybe,37
Conoideocrella,1
Cookeina,9
Coprinellus,30
Coprinopsis,45
Coprinus,11
Cora,40
Coralloidiomyces,1
Corallomycetella,1
Corallonectria,1
Cordana,4
Cordyceps,21
Cordycipitaceae,13
Corella,3
Coriolopsis,7
Corneriella,2
Cornicularia,1
Cornuvesica,2
Corollospora,4
Corticiaceae,15
Corticiales,3
Corticium,3
Cortinariaceae,94
Cortinarius,879
Corymbiglomus,2
Coryne,1
Corynelia,2
Corynespora,8
Coscinocladium,1
Cosmospora,5
Costatisporus,1
Cotylidia,1
Craterellus,19
Craterocolla,1
Crepidotus,9
Crespoa,1
Cribbea,1
Crinipellis,20
Crinitospora,1
Cristinia,1
Crocicreas,2
Cronartiaceae,2
Cronartium,10
Crucellisporiopsis,1
Crucibulum,1
Cruentomycena,2
Crustoderma,5
Cryomyces,1
Cryphonectria,4
Cryphonectriaceae,8
Cryptendoxyla,1
Cryptococcus,88
Cryptodiaporthe,4
Cryptodiscus,5
Cryptomarasmius,1
Cryptometrion,2
Cryptomyces,1
Cryptosphaeria,2
Cryptosporella,4
Cryptosporiopsis,7
Cryptostroma,1
Cryptotrichosporon,2
Cryptovalsa,2
Ctenomyces,2
Cucurbitaria,1
Cucurbitariaceae,1
Cudonia,8
Cudoniella,1
Cunninghamella,12
Cunninghamellaceae,1
Cuphophyllus,12
Curreya,3
Curvibasidium,3
Curvularia,36
Cyathicula,2
Cyathus,6
Cyberlindnera,11
Cyclaneusma,2
Cyclomyces,2
Cylindrium,1
Cylindrobasidium,2
Cylindrocarpon,3
Cylindrocarpostylus,1
Cylindrocladiella,5
Cylindrocladium,1
Cylindrosympodium,1
Cyllamyces,2
Cymatoderma,1
Cyphelium,3
Cyphellaceae,1
Cyphellophora,14
Cyphellopsis,1
Cyphellostereum,1
Cyptotrama,4
Cystangium,1
Cystobasidiomycetes,1
Cystobasidiopsis,1
Cystobasidium,10
Cystocoleus,1
Cystodendron,1
Cystoderma,12
Cystodermella,5
Cystofilobasidiaceae,1
Cystofilobasidiales,4
Cystofilobasidium,8
Cystolepiota,9
Cystostereaceae,1
Cystostereum,1
Cystotheca,2
Cytidia,1
Cytospora,25
Cyttaria,1
Dacrymyces,1
Dacrymycetaceae,2
Dacrymycetes,1
Dacryobolus,3
Dacryopinax,1
Dactylaria,1
Dactylella,5
Dactylellina,1
Dactylina,3
Dactylonectria,1
Dactylosporina,2
Daedalea,7
Daedaleopsis,1
Daldinia,16
Danielozyma,2
Darkera,1
Darksidea,4
Dasyscyphella,3
Dasyspora,4
Datronia,7
Davidsoniella,2
Debaryomyces,9
Debaryomycetaceae,2
Deconica,3
Degelia,1
Dekkera,3
Delfinachytrium,1
Delicatula,1
Dendriscocaulon,1
Dendroclathra,1
Dendrocollybia,1
Dendrocorticium,1
Dendrographa,5
Dendrospora,1
Dendryphion,3
Deniquelata,1
Dennisiomyces,2
Dentipellicula,1
Dentipellis,2
Dentiscutata,12
Dentocorticium,1
Dermateaceae,18
Dermatocarpon,16
Dermea,2
Dermocybe,3
Derxomyces,11
Descolea,5
Descomyces,3
Desertella,2
Desmazierella,6
Devriesia,12
Diaporthaceae,35
Diaporthales,24
Diaporthe,114
Diaporthella,1
Diatrypaceae,13
Diatrype,8
Diatrypella,1
Dibaeis,2
Dicarpella,1
Dicephalospora,1
Dichomitus,5
Dichotomocladium,3
Dictyocatenulata,2
Dictyochaeta,2
Dictyonema,3
Dictyophora,2
Dictyosporium,3
Didymella,8
Didymocyrtis,2
Didymosphaeria,1
Didymosphaeriaceae,2
Didymostilbe,1
Dietelia,1
Dimorphospora,2
Dinemasporium,6
Dingleya,1
Dinomyces,1
Dioszegia,18
Diplocarpon,2
Diplodia,20
Diplogelasinospora,2
Diploicia,1
Diplomitoporus,2
Diploschistes,14
Diplotomma,4
Dipodascaceae,8
Dipodascus,3
Dirina,32
Dirinaria,3
Dirkmeia,1
Diromma,1
Discinaceae,1
Disciotis,1
Discosia,1
Discula,1
Disculoides,1
Dissoconium,4
Dissophora,1
Diversispora,31
Diversisporaceae,6
Dolabra,1
Dolichousnea,5
Dominikia,3
Donadinia,3
Donkioporia,1
Dothidea,2
Dothideales,7
Dothideomycetes,143
Dothioraceae,1
Dothiorella,22
Dothistroma,2
Drechslera,6
Duddingtonia,1
Dufourea,8
Dumontinia,1
Duportella,1
Dussiella,1
Dwayaangam,1
Earliella,1
Echinoderma,3
Echinodontium,1
Edenia,1
Efibula,1
Efibulobasidium,1
Eilifdahlia,2
Elaphomyces,21
Elaphomycetaceae,5
Elasticomyces,1
Elderia,1
Eleutheromyces,1
Elixia,1
Ellisomyces,1
Elmerina,3
Elsinoaceae,7
Elytroderma,1
Emericella,1
Emmonsia,6
Emodomelanelia,1
Encoelia,3
Endocarpon,1
Endoconidioma,1
Endoconidiophora,5
Endogonales,2
Endogone,2
Endomelanconiopsis,3
Endophyllum,2
Endoraecium,10
Endosporium,1
Endothiella,1
Endoxyla,1
Engyodontium,2
Enterographa,1
Entocybe,2
Entoleuca,2
Entoloma,145
Entolomataceae,12
Entomocorticium,3
Entophlyctis,1
Entorrhiza,4
Entyloma,10
Entylomatales,1
Eocronartium,1
Ephelis,1
EpichloÃ«,4
Epicoccum,2
Epidermophyton,1
Epithele,1
Epulorhiza,16
Eremascus,1
Eremiomyces,2
Eremothecium,5
Eriocybe,1
Erysiphaceae,6
Erysiphe,71
Erythricium,3
Erythrobasidium,3
Escovopsioides,1
Escovopsis,4
Esslingeriana,1
Eucasphaeria,1
Euoidium,3
Eupenidiella,1
Eurotiales,18
Eurotiomycetes,23
Euteratosphaeria,1
Eutypa,17
Eutypella,9
Evernia,2
Exidia,6
Exobasidiales,1
Exobasidiomycetes,5
Exobasidium,27
Exophiala,49
Exserohilum,5
Falciformispora,3
Falciphora,1
Falcocladium,3
Farysia,1
Farysizyma,2
Favolaschia,4
Favolus,4
Fayodia,1
Fellhanera,1
Fellomyces,14
Fellozyma,1
Fennellomyces,1
Fevansia,1
Fibricium,1
Fibrodontia,1
Fibroporia,6
Fibulobasidium,1
Fibulomyces,1
Filobasidiales,2
Filobasidiella,1
Filobasidium,4
Filoboletus,1
Filosporella,2
Filsoniana,1
Fissuroma,1
Fistulina,1
Fistulinella,1
Flabellascus,1
Flagelloscypha,2
Flagellospora,1
Flammeopellis,1
Flammulaster,1
Flammulina,11
Flaviporus,3
Flavocetraria,5
Flavodon,2
Flavomyces,1
Flavoparmelia,13
Flavoplaca,3
Flavopunctelia,3
Flavoscypha,2
Floccularia,1
Fomes,4
Fomitella,1
Fomitiporella,2
Fomitiporia,30
Fomitopsidaceae,5
Fomitopsis,12
Fonsecaea,7
Fontanospora,1
Fragiliporia,1
Frantisekia,2
Franwilsia,2
Friedmanniomyces,4
Fulgidea,2
Fulvifomes,5
Fulvoflamma,1
Funalia,3
Fungi,795
Funneliformis,29
Fusarium,77
Fuscoboletinus,1
Fuscoderma,1
Fuscopannaria,8
Fuscoporia,17
Fusicladium,6
Fusicolla,2
Fusidium,1
Gaeumannomyces,3
Galerina,35
Galiella,1
Gallowayella,1
Gamsylella,1
Gamundia,1
Ganoderma,47
Ganodermataceae,6
Gastrosporium,1
Gautieria,14
Geastraceae,1
Geastrum,68
Geejayessia,1
Gelatinomyces,1
Geltingia,1
Geminibasidium,6
Genabea,4
Genea,38
Geniculospora,2
Geoglossaceae,4
Geoglossales,1
Geoglossum,12
Geomyces,3
Geopora,30
Geopyxis,2
Geosmithia,22
Geotrichum,4
Gerhardtia,1
Gerronema,4
Gibberella,8
Gibbosporina,3
Gibellula,1
Gibellulopsis,2
Gigasperma,3
Gigaspora,20
Gigasporaceae,1
Gilbertella,1
Gilkeya,1
Gjaerumia,1
Glaciozyma,3
Glarea,2
Gliocephalotrichum,6
Gliocladiopsis,2
Gliomastix,2
Gliophorus,9
Globomyces,1
Gloeocystidiellum,5
Gloeophyllum,9
Gloeoporus,2
Gloeosporium,1
Gloiodon,2
Gloiothele,1
Gloioxanthomyces,2
Glomeraceae,337
Glomerales,9
Glomerella,5
Glomerellaceae,6
Glomeromycetes,1
Glomeromycota,17
Glomus,44
Gloniaceae,3
Glutinoglossum,2
Glyphium,1
Gnomonia,12
Gnomoniaceae,8
Gnomoniella,1
Gnomoniopsis,9
Goffeauzyma,1
Golovinomyces,18
Gomphaceae,1
Gomphales,2
Gomphidiaceae,1
Gomphidius,6
Gomphus,4
Gondwanamyces,1
Gondwania,1
Gongronella,6
Gorgomyces,2
Gowardia,2
Grammothele,4
Grammothelopsis,1
Graphilbum,4
Graphiopsis,1
Graphium,12
Graphostroma,1
Gregorella,1
Gremmeniella,3
Grifola,2
Grosmannia,8
Guehomyces,1
Guepinia,1
Guignardia,10
Guttulispora,1
Guyanagaster,2
Gyalolechia,16
Gymnascella,2
Gymnoascaceae,8
Gymnoascus,9
Gymnomyces,12
Gymnopilus,16
Gymnopus,71
Gymnosporangium,3
Gymnostellatospora,2
Gyoerffyella,3
Gyrodon,2
Gyrodontium,1
Gyromitra,5
Gyrophanopsis,2
Gyroporus,6
Gyrothrix,1
Haasiella,1
Haematomma,1
Haloguignardia,3
Halomyces,1
Haloplaca,1
Halosphaeriaceae,8
Hamatocanthoscypha,1
Hannaella,10
Hanseniaspora,13
Hansfordia,3
Hapalopilus,1
Haploporus,1
Harknessia,9
Harmoniella,2
Harrya,1
Harzia,1
Hasegawazyma,2
Hebeloma,44
Hebelomataceae,5
Heimioporus,1
Heinemannomyces,1
Heleococcum,1
Helgardia,2
Helicascus,1
Helicobasidiaceae,4
Helicobasidium,1
Helicocentralis,1
Helicodendron,1
Helicogloea,1
Helicoma,3
Helicosporium,1
Helicostylum,2
Heliogaster,1
Helminthosporium,5
Helotiaceae,26
Helotiales,326
Helvella,26
Helvellaceae,2
Helvellosebacina,6
Hemileccinum,3
Hemileia,1
Hemimycena,3
Hemiphacidium,1
Hemipholiota,1
Henningsomyces,1
Henrica,2
Hericium,4
Hermatomyces,1
Herpotrichiellaceae,54
Hesperomyces,3
Heterobasidion,4
Heterocephalacria,1
Heterochaete,1
Heteroconium,1
Heterodermia,11
Heterophoma,1
Heteroplacidium,2
Heterospora,2
Hexagonia,1
Heyderia,1
Himantormia,1
Hirsutella,11
Hispidaedalea,1
Hispidoconidioma,1
Histoplasma,4
Hodophilus,1
Hohenbuehelia,4
Holocotylon,2
Holtermannia,1
Holtermanniella,1
Homolaphlyctis,1
Homortomyces,1
Hormonema,2
Hortaea,1
Hortiboletus,1
Houjia,1
Hubbsia,1
Huea,1
Humaria,6
Humicola,6
Humidicutis,4
Huntiella,5
Hyalopeziza,2
Hyalorbilia,2
Hyalorhinocladiella,1
Hyaloscypha,8
Hyaloscyphaceae,21
Hydnaceae,1
Hydnangiaceae,4
Hydnangium,1
Hydnellum,23
Hydnobolites,12
Hydnochaete,1
Hydnocristella,2
Hydnocystis,2
Hydnodontaceae,5
Hydnomerulius,1
Hydnophlebia,2
Hydnoplicata,1
Hydnopolyporus,1
Hydnotrya,10
Hydnum,30
Hydropisphaera,1
Hydropunctaria,5
Hydropus,2
Hygrocybe,70
Hygrophoraceae,9
Hygrophoropsis,3
Hygrophorus,58
Hymenagaricus,1
Hymenochaetaceae,24
Hymenochaetales,9
Hymenochaete,47
Hymenogaster,22
Hymenopellis,14
Hymenoscyphus,36
Hymenula,1
Hyperphyscia,1
Hyphoderma,24
Hyphodermella,3
Hyphodiscus,8
Hyphodontia,19
Hyphodontiella,1
Hypholoma,10
Hyphomucor,1
Hyphopichia,2
Hypocenomyce,1
Hypochnicium,23
Hypocopra,1
Hypocrea,7
Hypocreaceae,13
Hypocreales,111
Hypocrella,2
Hypocreopsis,3
Hypogymnia,14
Hypohelion,1
Hypomyces,25
Hyponectriaceae,4
Hypotrachyna,14
Hypoxylon,101
Hypsizygus,3
Hysterangiales,2
Hysterangium,7
Hysteriales,3
Hysterium,1
Hysteropatella,1
Icmadophila,1
Ilyonectria,8
Imaia,2
Imleria,1
Immersaria,1
Immersidiscosia,1
Immersiporthe,1
Imperator,1
Imshaugia,1
Incertomyces,1
Incrucipulum,3
Infundibulicybe,3
Infundichalara,5
Inocephalus,2
Inocutis,3
Inocybaceae,52
Inocybe,458
Inocyclus,1
Inonotus,18
Irpex,2
Isaria,6
Ischnoderma,2
Isomucor,1
Issatchenkia,2
Itersonilia,1
Jaapia,2
Jahnoporus,2
Jahnula,4
Jahnulales,1
Jaminaea,1
Japewia,1
Jattaea,3
Joergensenia,1
Johnalcornia,1
Josefpoeltia,1
Junghuhnia,8
Kabatiella,5
Kabatina,1
Kaernefeltia,2
Kaernefia,2
Kalaharituber,1
Kalapuya,1
Kappamyces,1
Karoowia,6
Kavinia,1
Kazachstania,30
Keissleriella,1
Kellermania,4
Kendrickiella,3
Kickxellales,1
Kirramyces,2
Kirschsteiniothelia,2
Kirstenboschia,1
Kluyveromyces,7
Knoxdaviesia,4
Knufia,9
Kochiomyces,2
Kockovaella,8
Kodamaea,2
Kohlmeyeriopsis,1
Kohninia,1
Kondoa,5
Kregervanrija,1
Kretzschmaria,5
Kroswia,1
Kuehneola,1
Kuehneromyces,4
Kuraishia,3
Kurtzmanomyces,4
Kwoniella,2
Kylindria,1
Lacazia,1
Laccaria,32
Laccariopsis,1
Lachancea,6
Lachnella,2
Lachnellula,4
Lachnum,32
Lacrymaria,2
Lactarius,208
Lactifluus,70
Laetiporus,19
Laetisaria,2
Lagenulopsis,1
Lalaria,3
Lambertella,5
Lambiella,4
Langeottia,1
Lanzia,2
Lasallia,6
Lasiodiplodia,26
Lasiosphaeria,3
Lasiosphaeriaceae,23
Lasiosphaeris,8
Lasmenia,1
Latorua,1
Latruncellus,1
Lauriomyces,1
Lecanactis,1
Lecania,11
Lecanicillium,21
Lecanora,52
Lecanoraceae,5
Lecanorales,8
Lecanoromycetes,22
Lecanosticta,1
Leccinellum,2
Leccinum,13
Lecidea,11
Lecidella,7
Leciophysma,1
Lectera,1
Lecythophora,4
Leiosepium,1
Leiosphaerella,1
Leiotrametes,1
Lemonniera,1
Lentamyces,2
Lentaria,5
Lentinellus,20
Lentinula,7
Lentinus,15
Lentitheciaceae,2
Lentithecium,1
Lenzites,1
Lenzitopsis,2
Leohumicola,6
Leotia,7
Leotiomycetes,66
Lepidocollema,2
Lepidostroma,1
Lepiota,56
Lepista,10
Lepraria,31
Leprocaulon,6
Leproplaca,1
Lepteutypa,2
Leptodontidium,9
Leptogium,40
Leptographium,6
Leptoporus,1
Leptosphaeria,18
Leptosphaeriaceae,6
Leptosphaerulina,1
Leptospora,2
Leptosporomyces,5
Leptoxyphium,1
Leratiomyces,1
Letendraea,2
Letharia,1
Lethariella,1
Letrouitia,2
Leucangium,2
Leucoagaricus,51
Leucocoprinus,13
Leucocortinarius,1
Leucocybe,1
Leucogaster,4
Leucoglossum,1
Leucogyrophana,3
Leucopaxillus,4
Leucophleps,4
Leucosporidiales,4
Leucosporidiella,2
Leucosporidium,7
Leucostoma,2
Leveillula,10
Liberomyces,1
Lichenobarya,1
Lichenomphalia,4
Lichtheimia,9
Lichtheimiaceae,1
Lignincola,9
Lignosus,5
Limacella,6
Limonomyces,1
Linderina,2
Lindgomyces,7
Lindtneria,4
Linospora,1
Lipomyces,13
Lirula,2
Llimoniella,1
Lobaria,18
Lobariaceae,7
Lobariella,8
Lobothallia,6
Lodderomyces,1
Lopadostoma,8
Lopharia,1
Lophiostoma,19
Lophiostomataceae,4
Lophiotrema,2
Lophium,1
Lophodermium,33
Lophophacidium,1
Loramyces,1
Loweomyces,2
Loxospora,2
Luellia,4
Lulwoana,2
Lulworthia,2
Lunulospora,4
Luteocirrhus,1
Lycoperdaceae,2
Lycoperdon,17
Lyophyllaceae,6
Lyophyllum,17
Lysurus,1
Macalpinomyces,2
Macgarvieomyces,2
Macowanites,2
Macroconia,1
Macrocybe,1
Macrocystidia,1
Macrodiplodiopsis,1
Macrohyporia,1
Macrolepiota,14
Macrophomina,1
Macrotyphula,1
Macroventuria,1
Madurella,2
Magnaporthaceae,10
Magnaporthales,3
Magnaporthe,2
Magnaporthiopsis,4
Magnusiomyces,2
Malassezia,21
Malasseziales,1
Malbranchea,3
Mallochia,1
Manglicola,1
Marasmiaceae,7
Marasmiellus,10
Marasmius,72
Marchandiobasidium,1
Marchandiomyces,3
Mariannaea,2
Masonhalea,2
Massaria,11
Massarina,6
Massarinaceae,3
Massariosphaeria,1
Mastigobasidium,3
Mastigosporium,1
Mattirolomyces,2
Medicopsis,1
Megacapitula,1
Megacollybia,10
Megalaria,1
Megaloblastenia,1
Megalospora,3
Megaspora,1
Megasporaceae,1
Megasporia,3
Megasporoporia,3
Megasporoporiella,4
Meira,8
Melampsora,20
Melampsoraceae,2
Melampsoridium,3
Melanconidaceae,4
Melanconiella,11
Melanconis,2
Melanconium,1
Melanelia,5
Melanelixia,8
Melanoderma,1
Melanogaster,7
Melanogastraceae,1
Melanohalea,16
Melanoleuca,26
Melanophyllum,3
Melanoporia,2
Melanopsamma,1
Melanotaenium,1
Melanotrigonum,1
Melanoxa,1
Meliniomyces,12
Melogramma,1
Membranomyces,1
Menegazzia,3
Menispora,1
Meredithblackwellia,1
Meria,1
Meripilaceae,3
Meripilus,1
Merismodes,1
Meruliaceae,2
Meruliporia,1
Merulius,1
Metacordyceps,8
Metapochonia,1
Metarhiziopsis,1
Metarhizium,33
Metschnikowia,8
Metulocladosporiella,3
Meyerozyma,7
Micarea,2
Microascaceae,12
Microascales,2
Microascus,8
Microbotryaceae,1
Microbotryales,1
Microbotryomycetes,13
Microbotryozyma,1
Microbotryum,32
Microcera,2
Microcyclospora,3
Microcyclus,1
Microdiplodia,4
Microdochium,7
Microglossum,7
Microidium,2
Micronematobotrys,1
Microporus,2
Micropsalliota,9
Microscypha,1
Microsporum,13
Microstoma,2
Microstroma,3
Microstromatales,4
Microthyriaceae,1
Millerozyma,4
Miniancora,1
Minimedusa,2
Minutisphaera,4
Mitrophora,1
Mitrula,4
Mixia,1
Mobergia,1
Moelleriella,3
Moellerodiscus,2
Moelleropsis,1
Moleospora,1
Mollisia,5
Monacrosporium,2
Monascus,6
Moniliella,7
Monilinia,5
Moniliophthora,5
Monilochaetes,2
Monoblepharidales,1
Monoblepharidomycetes,2
Monoblepharis,1
Monochaetia,3
Monodictys,1
Monographella,4
Monosporascus,3
Montagnulaceae,5
Montanelia,6
Monticola,1
Morchella,33
Morchellaceae,1
Morosphaeria,1
Mortierella,128
Mortierellaceae,14
Mortierellales,9
Mrakia,1
Mrakiella,1
Mucidula,3
Mucoharknessia,1
Mucor,77
Mucoraceae,4
Mucorales,3
Multiclavula,1
Multifurca,1
Muscodor,8
Musicillium,2
Musumecia,1
Mutinus,3
Mycaureola,1
Myceliophthora,2
Mycena,100
Mycenaceae,8
Mycenastrum,1
Mycetinis,4
Mycoacia,5
Mycoamaranthus,2
Mycoarthris,1
Mycobilimbia,1
Mycoblastus,9
Mycobonia,1
Mycocalicium,3
Mycocentrospora,2
Mycochaetophora,1
Mycoclelandia,1
Mycofalcella,1
Mycoleptodiscus,5
Mycopappus,2
Mycosphaerella,39
Mycosphaerellaceae,47
Mycothermus,1
Mycotribulus,1
Mycotypha,1
Myochromella,1
Myriangiales,1
Myriangium,2
Myriodontium,1
Myriogenospora,1
Myriospora,1
Myriostoma,1
Myrmaecium,1
Myrmecridium,5
Myrothecium,16
Myrtapenidiella,3
Mythicomyces,1
Myxocephala,1
Myxotrichaceae,3
Myxotrichum,2
Nadsonia,1
Naevala,1
Naganishia,4
Nakataea,1
Nakazawaea,6
Nalanthamala,4
Nannizziopsis,9
Nanoscypha,1
Natantiella,1
Naucoria,5
Naumovozyma,3
Nectria,15
Nectriaceae,54
Nectriopsis,1
Nemania,31
Nematoctonus,5
Neoaleurodiscus,1
Neoastrosphaeriella,1
Neobulgaria,10
Neocallimastigaceae,1
Neocallimastix,5
Neocatapyrenium,1
Neoceratosperma,1
Neocosmospora,1
Neodeightonia,3
Neodeightoniella,1
Neodevriesia,3
Neoerysiphe,6
Neofabraea,3
Neofavolus,4
Neofomitella,2
Neofusicoccum,26
Neohygrophorus,1
Neokalmusia,2
Neolecta,3
Neolentinus,4
Neonectria,8
Neonothopanus,2
Neopaxillus,1
Neopeckia,1
Neopestalotiopsis,3
Neophaeomoniella,1
Neophaeosphaeria,1
Neophysalospora,1
Neopseudolachnella,1
Neopyricularia,1
Neosartorya,1
Neoscytalidium,3
Neosetophoma,1
Neostagonospora,3
Neotrimmatostroma,1
Neotyphodium,5
Nephroma,21
Nephromopsis,1
Neurospora,1
Nidula,1
Nidulariopsis,1
Niebla,2
Nigroporus,1
Nigrospora,6
Nipponoparmelia,1
Nodobryoria,1
Nodulisporium,1
Nodulosphaeria,1
Nolanea,1
Nothojafnea,1
Obba,2
Oberwinklerozyma,1
Obolarina,2
Occultifur,2
Occultocarpon,1
Ochrocladosporium,2
Ochroconis,14
Ochrolechia,7
Octaviania,16
Oculimacula,2
Odontia,8
Odontochytrium,1
Oedogoniomyces,1
Ogataea,12
Oidiodendron,38
Oleoguttula,1
Olpidiales,1
Olpidiaster,2
Olpidium,4
Omphalina,4
Omphalodium,1
Omphalotaceae,4
Omphalotus,8
Onnia,1
Onygenaceae,8
Onygenales,17
Oontomyces,1
Operculomyces,1
Ophidiomyces,1
Ophioceras,2
Ophiocordyceps,41
Ophiocordycipitaceae,8
Ophiognomonia,30
Ophiosphaerella,6
Ophiostoma,37
Ophiostomataceae,21
Orbilia,33
Orbiliaceae,31
Orbiliales,3
Orbiliomycetes,6
Orceolina,1
Orientophila,4
Oropogon,12
Orpinomyces,6
Ossicaulis,2
Ostropales,1
Otidea,25
Otospora,1
Oudemansiella,5
Ovealmbornia,1
Oxyporus,3
Pachylepyrium,2
Pachypeltis,1
Pachyphlodes,14
Pachyphloeus,3
Pachysolen,1
Pacispora,1
Paecilomyces,10
Palaeospora,1
Palicella,3
Pallidocercospora,1
Palmiascoma,1
Panaeolus,2
Pandora,2
Panellus,7
Pannaria,6
Pannariaceae,3
Pannoparmelia,1
Panus,3
Papiliotrema,1
Parabagliettoa,1
Paracamarosporium,1
Paracoccidioides,2
Paraconiothyrium,15
Paraglomeraceae,1
Paraglomerales,18
Paraglomus,17
Paragyrodon,1
Paralepista,2
Paralepistopsis,1
Paraleptosphaeria,1
Paramycosphaerella,4
Paranannizziopsis,3
Parapenidiella,1
Paraphaeosphaeria,4
Paraphoma,4
Parascedosporium,1
Parascutellinia,1
Parasitella,2
Parasola,15
Parastagonospora,2
Parasympodiella,1
Parateratosphaeria,1
Paratricharina,1
Paratritirachium,2
Parauncinula,1
Paraxerula,4
Parmelia,25
Parmeliaceae,27
Parmeliella,3
Parmelina,7
Parmelinopsis,1
Parmeliopsis,2
Parmotrema,31
Parmularia,2
Parvoplaca,2
Passalora,11
Pateramyces,1
Patinella,1
Paucispora,1
Paulisebacina,1
Paxillus,7
Pectenia,1
Pedumispora,1
Peltaster,4
Peltigera,66
Peltigerales,1
Penicilliopsis,1
Penicillium,204
Penidiella,2
Peniophora,16
Peniophoraceae,3
Peniophorella,14
Perenniporia,25
Perenniporiella,3
Periconia,10
Periconiella,1
Peridermium,2
Periglandula,2
Peroneutypa,2
Pertusaria,14
Pestalotiopsis,27
Peterozyma,1
Petractis,1
Petriella,3
Peyronellaea,4
Pezicula,13
Peziza,62
Pezizaceae,62
Pezizales,33
Pezizomycetes,17
Pezizomycotina,6
Pezoloma,3
Phacidiella,1
Phacidium,1
Phacopsis,1
Phaeoacremonium,15
Phaeobotryon,2
Phaeoclavulina,1
Phaeococcomyces,5
Phaeocollybia,27
Phaeocryptopus,1
Phaeocytostroma,1
Phaeohelotium,1
Phaeoisaria,2
Phaeolepiota,1
Phaeolus,2
Phaeomollisia,1
Phaeomoniella,6
Phaeomycocentrospora,1
Phaeophlebiopsis,1
Phaeophleospora,3
Phaeophyscia,13
Phaeopyxis,1
Phaeoramularia,1
Phaeosclera,1
Phaeosphaeria,21
Phaeosphaeriaceae,15
Phaeosphaeriopsis,2
Phaeotheca,2
Phaeothecoidea,3
Phaffia,4
Phakopsora,5
Phallaceae,2
Phallales,1
Phallus,6
Phanerochaetaceae,1
Phanerochaete,23
Phellinopsis,2
Phellinus,56
Phellodon,17
Phellopilus,1
Phellorinia,3
Phialea,2
Phialemoniopsis,2
Phialemonium,3
Phialocephala,21
Phialophora,9
Phialosimplex,3
Phillipsia,5
Phlebia,23
Phlebiella,2
Phlebiopsis,5
Phlebiporia,1
Phlebopus,1
Phloeospora,1
Phlogicylindrium,3
Phlyctema,1
Phlyctis,1
Pholiota,29
Pholiotina,2
Phoma,36
Phomopsis,28
Phragmotaenium,1
Phycomyces,3
Phyllachoraceae,6
Phyllactinia,24
Phylliscum,1
Phyllobaeis,1
Phylloporia,4
Phylloporus,27
Phyllosticta,122
Phyllotopsis,1
Phymatotrichopsis,7
Physalacria,3
Physalacriaceae,3
Physalospora,3
Physcia,23
Physciaceae,1
Physciella,1
Physconia,16
Physisporinus,1
Pichia,21
Pichiaceae,3
Picoa,6
Piedraia,1
Pilaira,6
Pilatoporus,2
Pileolaria,1
Pilidiella,4
Pilidium,3
Pilobolus,9
Piloderma,27
Piloporia,1
Piptocephalis,5
Piptoporus,1
Pirella,1
Piriformospora,1
Piromyces,4
Pirottaea,1
Piskurozyma,1
Pisolithus,26
Pithomyces,1
Pithya,1
Placidiopsis,6
Placidium,2
Placomaronea,1
Placopsis,12
Placopyrenium,3
Plagiostoma,8
Plantae,1
Platismatia,5
Plectania,10
Plectosphaerella,3
Plenodomus,7
Pleochaeta,2
Pleomassariaceae,2
Pleonectria,6
Pleopsidium,9
Pleospora,1
Pleosporaceae,40
Pleosporales,199
Pleuroceras,2
Pleurocybella,3
Pleurosticta,1
Pleurostoma,2
Pleurotaceae,6
Pleurotheciella,1
Pleurothecium,1
Pleurotopsis,1
Pleurotus,28
Plicaturopsis,1
Pluteus,69
Pneumocystis,4
Pochonia,6
Poculum,1
Podaxis,2
Podonectria,2
Podoscypha,5
Podosphaera,17
Podospora,28
Podostictina,2
Poitrasia,1
Polyancora,1
Polyblastia,18
Polycauliona,4
Polycephalomyces,12
Polydesmia,1
Polyozellus,3
Polyphialoseptoria,2
Polyplosphaeria,1
Polyporaceae,35
Polyporales,63
Polyporus,32
Polyscytalum,2
Polysporina,8
Polytolypa,1
Ponticulomyces,2
Porina,3
Porocercospora,1
Porodaedalea,2
Porodisculus,2
Porostereum,1
Porotheleum,1
Porphyrellus,2
Porpidia,24
Porpidiaceae,1
Porpoloma,2
Porpomyces,1
Postia,30
Powellomyces,5
Preussia,16
Priceomyces,4
Pringsheimia,1
Proliferodiscus,1
Prosopidicola,1
Prosthecium,4
Prosthemium,2
Protoblastenia,9
Protocrea,4
Protodontia,1
Protomerulius,1
Protomyces,1
Protopannaria,1
Protoparmelia,16
Protoparmeliopsis,9
Protostropharia,1
Protousnea,2
Protoxerula,1
Protrudomyces,1
Proxipyricularia,1
Psathyrella,72
Psathyrellaceae,6
Pseudaegerita,2
Pseudaleuria,2
Pseudallescheria,7
Pseudapiospora,1
Pseudephebe,1
Pseudeurotiaceae,4
Pseudeurotium,2
Pseudevernia,5
Pseudoboletus,1
Pseudoboubovia,2
Pseudocercospora,29
Pseudocercosporella,4
Pseudochaete,10
Pseudochaetosphaeronema,1
Pseudoclitocybe,1
Pseudocraterellus,2
Pseudocyphellaria,24
Pseudodinemasporium,1
Pseudofusicoccum,7
Pseudogymnoascus,4
Pseudohydnum,1
Pseudohyphozyma,3
Pseudoidium,2
Pseudolachnella,4
Pseudolagarobasidium,2
Pseudolophiostoma,1
Pseudomassaria,1
Pseudomerulius,3
Pseudoomphalina,3
Pseudoparmelia,1
Pseudopestalotiopsis,2
Pseudophaeomoniella,1
Pseudophialophora,6
Pseudoplagiostoma,1
Pseudoplectania,7
Pseudopyricularia,2
Pseudoramichloridium,1
Pseudorobillarda,3
Pseudosarcosoma,1
Pseudosydowia,1
Pseudotaeniolina,1
Pseudoteratosphaeria,3
Pseudotetraploa,1
Pseudotomentella,31
Pseudotricharina,1
Pseudotricholoma,1
Pseudovalsaria,1
Pseudoveronaea,1
Pseudovirgaria,1
Pseudozyma,7
Psilocybe,25
Psilolechia,1
Psiloparmelia,1
Psora,3
Psoroglaena,1
Psoroma,7
Psorophorus,2
Pterygellus,1
Ptychographa,1
Puccinia,74
Pucciniaceae,2
Pucciniales,3
Pucciniastrum,8
Pucciniomycetes,1
Pulchroboletus,1
Pulchromyces,1
Pulveroboletus,3
Pulvinula,1
Punctelia,9
Punctularia,3
Purpureocillium,4
Pustularia,5
Pycnoporellus,2
Pycnoporus,3
Pycnora,1
Pyrenochaeta,9
Pyrenochaetopsis,4
Pyrenodesmia,1
Pyrenopeziza,3
Pyrenophora,6
Pyrenula,19
Pyricularia,7
Pyrigemmula,1
Pyrofomes,3
Pyronema,1
Pyronemataceae,66
Pyxine,3
Quadricrura,2
Quambalaria,6
Queenslandipenidiella,1
Rachicladosporium,2
Racocetra,1
Racodium,2
Radulidium,2
Radulodon,1
Raffaelea,4
Ramalina,40
Ramaria,53
Ramariopsis,2
Ramboldia,1
Ramicandelaber,4
Ramichloridium,7
Ramophialophora,1
Ramularia,12
Ramulispora,1
Rasamsonia,11
Rasutoria,1
Ravenelia,3
Readeriella,7
Recurvomyces,1
Reddellomyces,6
Redeckera,2
Relicina,2
Relicinopsis,1
Remersonia,1
Remototrachyna,6
Renispora,1
Requienella,1
Resinicium,9
Resinomycena,1
Resupinatus,4
Retiboletus,2
Reticulascus,2
Retroconis,1
Rhabdocline,4
Rheubarbariboletus,1
Rhexoacrodictys,1
Rhexocercosporidium,2
Rhexodenticula,1
Rhexographium,1
Rhinocladiella,13
Rhinocladium,1
Rhizidium,1
Rhizina,1
Rhizocarpon,3
Rhizochaete,2
Rhizoclosmatium,1
Rhizoctonia,8
Rhizocybe,1
Rhizomarasmius,1
Rhizomucor,2
Rhizophagus,65
Rhizophlyctidales,1
Rhizophlyctis,9
Rhizophydiales,4
Rhizophydium,10
Rhizoplaca,26
Rhizopogon,58
Rhizopogonaceae,1
Rhizopus,17
Rhizoscyphus,6
Rhizosphaera,2
Rhodocollybia,10
Rhodocybe,1
Rhodonia,1
Rhodoscypha,1
Rhodosporidiobolus,2
Rhodosporidium,7
Rhodotorula,56
Rhodotus,1
Rhodoveronaea,1
Rhynchosporium,4
Rhynchostoma,1
Rhytidhysteron,4
Rhytisma,3
Rhytismataceae,15
Rhytismatales,7
Ricasolia,1
Richoniella,3
Rickenella,3
Rigidoporus,5
Rimularia,2
Rinodina,6
Rinodinella,1
Ripartitella,2
Ripartites,2
Roccella,37
Roccellaceae,1
Roccellina,1
Roesleria,1
Roridomyces,2
Rosellinia,13
Rossbeevera,5
Rostraureum,1
Roussoella,2
Royoporus,3
Rozellomycota,37
Rubinoboletus,1
Rubroboletus,3
Rufoplaca,1
Rugosomyces,5
Ruhlandiella,2
Ruinenia,2
Ruptoseptoria,1
Rusavskia,1
Russula,470
Russulaceae,154
Russulales,5
Rutstroemia,7
Rutstroemiaceae,1
Ryvardenia,3
Sabuloglossum,2
Saccharata,3
Saccharicola,2
Saccharomyces,10
Saccharomycetaceae,2
Saccharomycetales,45
Saccharomycetes,2
Saccharomycodaceae,1
Saccharomycodes,2
Saccharomycopsis,8
Sacculospora,1
Sagaranella,2
Sagedia,1
Sagenomella,4
Saitoella,1
Sakaguchia,3
Saksenaea,2
Sampaiozyma,1
Sanghuangporus,2
Saprochaete,1
Sarcinomyces,3
Sarcodon,17
Sarcodontia,3
Sarcogyne,7
Sarcoleotia,1
Sarcopodium,1
Sarcoporia,2
Sarcoscypha,4
Sarcosoma,1
Sarcosomataceae,10
Sarcosphaera,3
Sarcostroma,1
Sarcotrochila,1
Sarea,1
Sarimanas,1
Sarocladium,8
Satchmopsis,1
Saturnispora,2
Savoryella,4
Sawadaea,8
Scabropezia,2
Scedosporium,13
Scheffersomyces,7
Schenella,1
Schildia,1
Schizangiella,1
Schizonella,1
Schizophyllum,3
Schizopora,3
Schizoporaceae,1
Schizosaccharomyces,2
Schizothecium,5
Schizothyriaceae,1
Schizoxylon,2
Schwanniomyces,5
Scleroconidioma,1
Scleroderma,51
Sclerodermataceae,2
Scleromitrula,4
Scleropezicula,1
Sclerophora,3
Scleroramularia,1
Sclerostagonospora,4
Sclerotinia,2
Sclerotiniaceae,1
Sclerotium,1
Scolecobasidium,9
Scolecostigmina,1
Scopulariopsis,4
Scopuloides,3
Scutellinia,16
Scutellospora,7
Scutiger,1
Scytalidium,14
Scytinium,2
Scytinopogon,3
Scytinostroma,5
Sebacina,129
Sebacinaceae,151
Sebacinales,153
Seifertia,1
Seimatosporium,5
Seiridium,6
Seirophora,2
Selenophoma,1
Sepedonium,3
Septobasidium,1
Septoglomus,11
Septoria,12
Septorioides,2
Serendipita,5
Serenomyces,3
Serpula,4
Setoidium,1
Setomelanomma,2
Setophaeosphaeria,1
Setophoma,1
Setoseptoria,1
Setosphaeria,1
Shiraia,3
Sidera,1
Sigarispora,1
Sigmoidea,1
Sigridea,1
Simplicillium,11
Singerocybe,2
Siphula,3
Sirenophila,2
Sirobasidium,2
Sirococcus,3
Sistotrema,28
Sistotremastrum,5
Skeletocutis,8
Skyttea,1
Slimacomyces,2
Slooffia,3
Slopeiomyces,1
Sodiomyces,2
Solenopsora,10
Sonoraphlyctis,1
Sordaria,3
Sordariaceae,3
Sordariales,54
Sordariomycetes,175
Sowerbyella,3
Sparassis,8
Spathaspora,4
Spathularia,7
Spegazzinia,1
Spencermartinsia,4
Spencermartinsiella,1
Sphaceloma,7
Sphacelotheca,1
Sphaerellopsis,2
Sphaerobolus,4
Sphaerographium,1
Sphaerophoraceae,1
Sphaeropsis,6
Sphaerosporella,2
Sphaerostilbella,1
Sphaerulina,6
Sphagnurus,1
Sphenorchidium,1
Sphinctrina,1
Spinellus,1
Spiromastix,3
Spiroplana,1
Spirosphaera,1
Spizellomyces,11
Spizellomycetaceae,1
Sporendocladia,1
Sporendonema,1
Sporidiobolales,13
Sporidiobolus,3
Sporisorium,7
Sporobolomyces,38
Sporodictyon,2
Sporopachydermia,4
Sporormia,2
Sporormiaceae,17
Sporormiella,4
Sporothrix,19
Sporotrichum,1
Squamanita,2
Stachybotrys,16
Stagonospora,8
Stagonosporopsis,8
Staninwardia,1
Staphylotrichum,2
Starmera,1
Starmerella,3
Staurothele,1
Steccherinum,11
Stegonsporium,3
Stemphylium,4
Stenella,4
Stenocarpella,2
Stephanonectria,2
Stephanospora,15
Stephanosporaceae,1
Stephensia,1
Stereaceae,1
Stereocaulon,24
Stereum,9
Sterigmatomyces,2
Sticta,64
Stictidaceae,2
Stictis,3
Stigmina,2
Stilbella,1
Stilbohypoxylon,2
Stilbospora,2
Stomatisora,1
Stomiopeltis,1
Strelitziana,4
Streptobotrys,1
Striatoidium,1
Strickeria,1
Strigula,1
Strobilomyces,5
Strobilurus,4
Stromatonectria,1
Stromatoseptoria,1
Stropharia,8
Strophariaceae,11
Strumella,1
Suberoteratosphaeria,1
Subplenodomus,3
Subulicystidium,4
Sugiyamaella,8
Suillaceae,2
Suillus,40
Sulcaria,3
Sulzbacheromyces,2
Sydowia,2
Sydowiella,1
Symmetrospora,5
Sympodiella,1
Sympodiomycopsis,3
Sympoventuria,1
Sympoventuriaceae,4
Syncephalastrum,6
Syncephalis,1
Synchytrium,1
Syzygites,2
Taifanglania,1
Taiwanofungus,2
Talaromyces,85
Taphrina,19
Taphrinales,1
Tapinella,2
Tarzetta,8
Teichospora,6
Teloschistaceae,43
Teloschistales,4
Teloschistes,2
Tephrocybe,3
Tephroderma,1
Tephromela,19
Terana,2
Teratosphaeria,32
Teratosphaeriaceae,13
Teratosphaericola,1
Terfezia,21
Termitomyces,27
Terramyces,1
Tetrachaetum,2
Tetracladium,13
Tetramelas,1
Tetrapisispora,3
Tetraplosphaeria,1
Tetrapyrgos,9
Teuvoa,2
Thamnidium,1
Thamnogalla,1
Thamnolia,2
Thamnostylum,2
Thanatephorus,46
Thaxteriellopsis,1
Thaxterogaster,1
Thecaphora,6
Thedgonia,1
Thekopsora,5
Thelebolales,1
Thelephora,34
Thelephoraceae,375
Thelephorales,14
Theleporus,3
Thelidium,5
Thelocarpella,1
Thelomma,1
Thelonectria,19
Thelotrema,3
Thermoascaceae,1
Thermoascus,2
Thermomucor,1
Thermomyces,2
Therrya,1
Thielavia,6
Thielaviopsis,1
Tholurna,1
Thozetella,6
Thyronectria,6
Tiarosporella,4
Tilachlidium,1
Tilletia,11
Tilletiaceae,1
Tilletiopsis,5
Timgrovea,1
Tinctoporellus,2
Tingoldiago,1
Tirmania,3
Toensbergia,1
Togninia,2
Togniniella,1
Tolypocladium,23
Tomentella,425
Tomentellopsis,31
Toninia,2
Tornabea,1
Torrendiella,2
Torrubiella,1
Tortispora,1
Torulaspora,11
Tothia,1
Toxicocladosporium,4
Trametes,17
Tranzschelia,5
Tranzscheliella,1
Trapelia,3
Trapeliopsis,12
Trechispora,31
Trechisporales,14
Trematosphaeria,1
Tremella,42
Tremellales,32
Tremellodendron,3
Tremellomycetes,20
Tremelloscypha,1
Tretomyces,1
Triangularia,1
Trichaptum,6
Tricharina,4
Trichobotrys,1
Trichocoma,1
Trichocomaceae,37
Trichoderma,138
Trichoglossum,6
Tricholoma,102
Tricholomataceae,35
Tricholomella,2
Tricholomopsis,9
Tricholosporum,1
Trichomerium,1
Trichometasphaeria,1
Trichomonascus,2
Trichopeziza,1
Trichopezizella,2
Trichophaea,12
Trichophyton,23
Trichosporon,35
Trichosporonaceae,2
Trichothecium,4
Tricladium,4
Trigonosporomyces,2
Trimmatostroma,2
Trimmatothelopsis,8
Triparticalcar,1
Triplosphaeria,2
Tripospora,1
Triposporium,1
Triscelophorus,2
Tristratiperidium,1
Tritirachium,1
Trochophora,1
Trogia,2
Tropicoporus,10
Troposporella,1
Truncatella,2
Truncocolumella,3
Truncospora,4
Tryblidiopsis,1
Trypetheliaceae,1
Trypethelium,3
Tubakia,2
Tubaria,9
Tubariomyces,1
Tuber,186
Tuberaceae,6
Tubeufia,2
Tubeufiaceae,9
Tubulicrinis,6
Tuckermanella,1
Tuckermannopsis,2
Tuckermanopsis,2
Tuckneraria,1
Tulasnella,62
Tulasnellaceae,157
Tulostoma,3
Tumularia,1
Tylopilus,11
Tylospora,7
Typhula,9
Typhulaceae,2
Typhulochaeta,1
Tyromyces,6
Udeniomyces,5
Ulocladium,1
Umbelopsis,28
Umbilicaria,45
Uncinocarpus,2
Uncispora,1
Uncobasidium,1
Unguiculariopsis,1
unidentified,2
Urceomyces,1
Uredo,2
Urnula,6
Urocystis,3
Uromyces,23
Uromycladium,7
Ursicollum,1
Usnea,45
Ustilaginaceae,11
Ustilaginales,5
Ustilaginomycetes,1
Ustilago,11
Ustilentyloma,2
Utharomyces,1
Uwebraunia,3
Valdensinia,1
Valsa,16
Valsaceae,14
Valsalnicola,1
Valsaria,3
Vanderwaltozyma,4
Vankya,1
Vanrija,1
Vararia,2
Varicellaria,1
Varicosporium,2
Variospora,5
Veluticeps,4
Venturia,20
Venturiaceae,21
Venturiales,7
Vermiculariopsiella,1
Vermispora,1
Veronaea,2
Veronaeopsis,1
Verpa,6
Verrucaria,39
Verrucariaceae,11
Verrucariales,3
Verrucisporota,2
Verrucoconiothyrium,1
Verruconis,2
Verrucula,2
Verruculopsis,2
Verticillium,15
Vestigium,1
Vialaea,2
Vibrissea,3
Vibrisseaceae,3
Violaceomyces,1
Violella,1
Virgaria,3
Volucrispora,1
Volutella,7
Volvariella,7
Volvopluteus,2
Vonarxia,1
Vonarxula,1
Vuilleminia,6
Vulpicida,6
Wahlenbergiella,1
Waitea,5
Wakefieldia,1
Wallemia,5
Wallemiomycetes,1
Wallrothiella,1
Wardomyces,1
Wardomycopsis,1
Westerdykella,8
Wetmoreana,3
Wettsteinina,1
Wickerhamia,1
Wickerhamiella,3
Wickerhamomyces,14
Wilcoxina,9
Willeya,5
Winterella,2
Wojnowicia,1
Wolfiporia,3
Wrightoporia,5
Xalocoa,2
Xanthocarpia,3
Xanthomendoza,10
Xanthoparmelia,40
Xanthophyllomyces,3
Xanthoporia,1
Xanthopsoroma,3
Xanthoria,22
Xenasma,2
Xenasmatella,3
Xenocalonectria,1
Xenochalara,1
Xenocylindrocladium,1
Xenogliocladiopsis,1
Xenomycosphaerella,1
Xenophacidiella,1
Xenopolyscytalum,4
Xenopyricularia,1
Xenoseptoria,1
Xerochrysium,2
Xerocomellus,12
Xerocomus,16
Xerombrophila,1
Xeromphalina,7
Xerula,3
Xylaria,140
Xylariaceae,71
Xylariales,54
Xylocoremium,1
Xylodon,10
Xylogone,1
Xylographa,12
Xylomelasma,2
Xylomyces,1
Xylona,1
Xylopsora,1
Xylotumulus,1
Yamadazyma,12
Yarrowia,2
Yuchengia,1
Zalerion,1
Zasmidium,10
Zelleromyces,1
Zoellneria,1
Zoophthora,1
Zopfiella,6
Zychaea,1
Zygoascus,3
Zygomycota,5
Zygophiala,3
Zygosaccharomyces,14
Zymoseptoria,3
