primer_name,orientation,sequence,S1_R1_rps10,S1_R2_rps10,S1_R1_its,S1_R2_its,S2_R1_rps10,S2_R2_rps10,S2_R1_its,S2_R2_its
rps10,forward,GTTGGTTAGAGYARAAGACT,0,0,0,0,0,0,0,0
its,forward,CTTGGTCATTTAGAGGAAGTAA,0,0,0,0,0,0,0,0
rps10,f_compt,CAACCAATCTCRTYTTCTGA,0,0,0,0,0,0,0,0
its,f_compt,GAACCAGTAAATCTCCTTCATT,0,0,0,0,0,0,0,0
rps10,f_rev,TCAGAARAYGAGATTGGTTG,0,0,0,0,0,0,0,0
its,f_rev,AATGAAGGAGATTTACTGGTTC,0,0,0,0,0,0,0,0
rps10,f_rc,AGTCTTYTRCTCTAACCAAC,0,0,0,0,0,0,0,0
its,f_rc,TTACTTCCTCTAAATGACCAAG,0,0,0,0,0,0,0,0
rps10,reverse,ATRYYTAGAAAGAYTYGAACT,0,0,0,0,0,0,0,0
its,reverse,GCTGCGTTCTTCATCGATGC,0,0,0,0,0,0,0,0
rps10,r_compt,TAYRRATCTTTCTRARCTTGA,0,0,0,0,0,0,0,0
its,r_compt,CGACGCAAGAAGTAGCTACG,0,0,0,0,0,0,0,0
rps10,r_rev,TCAAGYTYAGAAAGATYYRTA,0,0,0,0,0,0,0,0
its,r_rev,CGTAGCTACTTCTTGCGTCG,0,0,0,0,0,0,0,0
rps10,r_rc,AGTTCRARTCTTTCTARRYAT,0,0,0,0,0,0,0,0
its,r_rc,GCATCGATGAAGAACGCAGC,0,0,0,0,0,0,0,0
