primer_name,orientation,sequence,S1_R1,S1_R2,S2_R1,S2_R2
rps10,forward,GTTGGTTAGAGYARAAGACT,35634,0,34601,1
ITS,forward,CTTGGTCATTTAGAGGAAGTAA,48291,1,33485,0
rps10,f_compt,CAACCAATCTCRTYTTCTGA,0,0,0,0
ITS,f_compt,GAACCAGTAAATCTCCTTCATT,0,0,0,0
rps10,f_rev,TCAGAARAYGAGATTGGTTG,0,0,0,0
ITS,f_rev,AATGAAGGAGATTTACTGGTTC,0,0,0,0
rps10,f_rc,AGTCTTYTRCTCTAACCAAC,0,8,0,9
ITS,f_rc,TTACTTCCTCTAAATGACCAAG,0,2290,0,5316
rps10,reverse,ATRYYTAGAAAGAYTYGAACT,0,35033,1,34233
ITS,reverse,GCTGCGTTCTTCATCGATGC,1,47471,0,33214
rps10,r_compt,TAYRRATCTTTCTRARCTTGA,0,0,0,0
ITS,r_compt,CGACGCAAGAAGTAGCTACG,0,0,0,0
rps10,r_rev,TCAAGYTYAGAAAGATYYRTA,0,0,0,0
ITS,r_rev,CGTAGCTACTTCTTGCGTCG,0,0,0,0
rps10,r_rc,AGTTCRARTCTTTCTARRYAT,4,0,4,0
ITS,r_rc,GCATCGATGAAGAACGCAGC,3225,0,6732,0
